DROP DATABASE IF EXISTS buybest;
CREATE DATABASE buybest;

USE buybest;

CREATE TABLE web_events (
	id integer,
	account_id integer,
	occurred_at timestamp,
	channel varchar(50)
);
INSERT INTO web_events VALUES (1,1001,'2015-10-06 17:13:58','direct');
INSERT INTO web_events VALUES (2,1001,'2015-11-05 03:08:26','direct');
INSERT INTO web_events VALUES (3,1001,'2015-12-04 03:57:24','direct');
INSERT INTO web_events VALUES (4,1001,'2016-01-02 00:55:03','direct');
INSERT INTO web_events VALUES (5,1001,'2016-02-01 19:02:33','direct');
INSERT INTO web_events VALUES (6,1001,'2016-03-02 15:15:22','direct');
INSERT INTO web_events VALUES (7,1001,'2016-04-01 10:58:55','direct');
INSERT INTO web_events VALUES (8,1001,'2016-05-01 15:26:44','direct');
INSERT INTO web_events VALUES (9,1001,'2016-05-31 20:53:47','direct');
INSERT INTO web_events VALUES (10,1001,'2016-06-30 12:09:45','direct');
INSERT INTO web_events VALUES (11,1001,'2016-07-30 03:06:26','direct');
INSERT INTO web_events VALUES (12,1001,'2016-08-28 06:42:42','direct');
INSERT INTO web_events VALUES (13,1001,'2016-09-26 23:14:59','direct');
INSERT INTO web_events VALUES (14,1001,'2016-10-26 20:21:09','direct');
INSERT INTO web_events VALUES (15,1001,'2016-11-25 22:52:29','direct');
INSERT INTO web_events VALUES (16,1001,'2016-12-24 05:35:14','direct');
INSERT INTO web_events VALUES (17,1011,'2016-12-21 10:29:36','direct');
INSERT INTO web_events VALUES (18,1021,'2015-10-12 02:10:54','direct');
INSERT INTO web_events VALUES (19,1021,'2015-11-11 07:10:19','direct');
INSERT INTO web_events VALUES (20,1021,'2015-12-11 16:28:27','direct');
INSERT INTO web_events VALUES (21,1021,'2016-01-10 09:04:12','direct');
INSERT INTO web_events VALUES (22,1021,'2016-02-09 00:46:47','direct');
INSERT INTO web_events VALUES (23,1021,'2016-03-10 00:11:03','direct');
INSERT INTO web_events VALUES (24,1031,'2016-12-25 03:51:33','direct');
INSERT INTO web_events VALUES (25,1041,'2016-10-14 23:40:23','direct');
INSERT INTO web_events VALUES (26,1041,'2016-11-13 09:43:28','direct');
INSERT INTO web_events VALUES (27,1041,'2016-12-12 07:31:09','direct');
INSERT INTO web_events VALUES (28,1051,'2016-08-02 19:48:31','direct');
INSERT INTO web_events VALUES (29,1051,'2016-09-01 05:27:20','direct');
INSERT INTO web_events VALUES (30,1051,'2016-10-01 00:17:52','direct');
INSERT INTO web_events VALUES (31,1051,'2016-10-31 06:44:01','direct');
INSERT INTO web_events VALUES (32,1051,'2016-11-30 07:18:22','direct');
INSERT INTO web_events VALUES (33,1051,'2016-12-30 08:42:44','direct');
INSERT INTO web_events VALUES (34,1061,'2016-10-19 15:42:16','direct');
INSERT INTO web_events VALUES (35,1061,'2016-11-17 08:33:51','direct');
INSERT INTO web_events VALUES (36,1061,'2016-12-16 21:18:17','direct');
INSERT INTO web_events VALUES (37,1071,'2016-12-13 08:45:32','direct');
INSERT INTO web_events VALUES (38,1081,'2015-02-12 22:34:21','direct');
INSERT INTO web_events VALUES (39,1081,'2015-03-13 09:24:50','direct');
INSERT INTO web_events VALUES (40,1081,'2015-04-12 04:19:43','direct');
INSERT INTO web_events VALUES (41,1081,'2015-05-12 22:51:04','direct');
INSERT INTO web_events VALUES (42,1081,'2015-06-11 13:41:31','direct');
INSERT INTO web_events VALUES (43,1081,'2015-07-11 23:08:50','direct');
INSERT INTO web_events VALUES (44,1081,'2015-08-09 18:23:43','direct');
INSERT INTO web_events VALUES (45,1081,'2015-09-07 15:09:39','direct');
INSERT INTO web_events VALUES (46,1081,'2015-10-07 06:12:38','direct');
INSERT INTO web_events VALUES (47,1081,'2015-11-06 04:00:27','direct');
INSERT INTO web_events VALUES (48,1081,'2015-12-05 21:37:52','direct');
INSERT INTO web_events VALUES (49,1081,'2016-01-03 23:17:07','direct');
INSERT INTO web_events VALUES (50,1081,'2016-02-01 19:35:04','direct');
INSERT INTO web_events VALUES (51,1081,'2016-03-02 05:45:34','direct');
INSERT INTO web_events VALUES (52,1081,'2016-04-01 08:17:57','direct');
INSERT INTO web_events VALUES (53,1081,'2016-04-30 07:21:17','direct');
INSERT INTO web_events VALUES (54,1081,'2016-05-30 04:01:01','direct');
INSERT INTO web_events VALUES (55,1081,'2016-06-28 06:01:33','direct');
INSERT INTO web_events VALUES (56,1081,'2016-07-28 22:20:49','direct');
INSERT INTO web_events VALUES (57,1081,'2016-08-26 16:32:33','direct');
INSERT INTO web_events VALUES (58,1081,'2016-09-24 09:33:56','direct');
INSERT INTO web_events VALUES (59,1081,'2016-10-24 21:38:12','direct');
INSERT INTO web_events VALUES (60,1081,'2016-11-23 04:22:51','direct');
INSERT INTO web_events VALUES (61,1081,'2016-12-23 13:01:50','direct');
INSERT INTO web_events VALUES (62,1091,'2014-08-15 05:21:56','direct');
INSERT INTO web_events VALUES (63,1091,'2014-09-13 04:50:00','direct');
INSERT INTO web_events VALUES (64,1091,'2014-10-13 12:10:21','direct');
INSERT INTO web_events VALUES (65,1091,'2014-11-12 06:24:29','direct');
INSERT INTO web_events VALUES (66,1091,'2014-12-11 10:20:16','direct');
INSERT INTO web_events VALUES (67,1091,'2015-01-09 14:02:52','direct');
INSERT INTO web_events VALUES (68,1091,'2015-02-08 09:32:27','direct');
INSERT INTO web_events VALUES (69,1091,'2015-03-09 06:10:05','direct');
INSERT INTO web_events VALUES (70,1091,'2015-04-07 13:16:25','direct');
INSERT INTO web_events VALUES (71,1091,'2015-05-06 03:31:37','direct');
INSERT INTO web_events VALUES (72,1091,'2015-06-05 18:54:09','direct');
INSERT INTO web_events VALUES (73,1091,'2015-07-05 02:21:31','direct');
INSERT INTO web_events VALUES (74,1091,'2015-08-03 11:32:26','direct');
INSERT INTO web_events VALUES (75,1091,'2015-09-01 14:20:35','direct');
INSERT INTO web_events VALUES (76,1091,'2015-10-01 15:25:43','direct');
INSERT INTO web_events VALUES (77,1091,'2015-10-31 15:42:27','direct');
INSERT INTO web_events VALUES (78,1091,'2015-11-29 21:06:26','direct');
INSERT INTO web_events VALUES (79,1091,'2015-12-28 18:21:01','direct');
INSERT INTO web_events VALUES (80,1091,'2016-01-26 06:20:09','direct');
INSERT INTO web_events VALUES (81,1091,'2016-02-25 06:34:38','direct');
INSERT INTO web_events VALUES (82,1091,'2016-03-25 22:13:55','direct');
INSERT INTO web_events VALUES (83,1091,'2016-04-24 07:07:19','direct');
INSERT INTO web_events VALUES (84,1091,'2016-05-23 07:18:02','direct');
INSERT INTO web_events VALUES (85,1091,'2016-06-22 00:59:21','direct');
INSERT INTO web_events VALUES (86,1091,'2016-07-21 18:39:18','direct');
INSERT INTO web_events VALUES (87,1091,'2016-08-20 04:28:31','direct');
INSERT INTO web_events VALUES (88,1091,'2016-09-18 20:49:42','direct');
INSERT INTO web_events VALUES (89,1091,'2016-10-17 13:05:15','direct');
INSERT INTO web_events VALUES (90,1091,'2016-11-15 18:04:09','direct');
INSERT INTO web_events VALUES (91,1091,'2016-12-14 20:56:25','direct');
INSERT INTO web_events VALUES (92,1101,'2015-06-24 12:50:27','direct');
INSERT INTO web_events VALUES (93,1101,'2015-07-24 17:44:12','direct');
INSERT INTO web_events VALUES (94,1101,'2015-08-22 19:17:13','direct');
INSERT INTO web_events VALUES (95,1101,'2015-09-21 05:09:36','direct');
INSERT INTO web_events VALUES (96,1101,'2015-10-21 16:16:43','direct');
INSERT INTO web_events VALUES (97,1101,'2015-11-20 23:46:18','direct');
INSERT INTO web_events VALUES (98,1101,'2015-12-19 18:29:44','direct');
INSERT INTO web_events VALUES (99,1101,'2016-01-17 14:28:00','direct');
INSERT INTO web_events VALUES (100,1101,'2016-02-15 07:42:32','direct');
INSERT INTO web_events VALUES (101,1101,'2016-03-15 11:12:11','direct');
INSERT INTO web_events VALUES (102,1101,'2016-04-13 23:47:47','direct');
INSERT INTO web_events VALUES (103,1101,'2016-05-13 01:59:50','direct');
INSERT INTO web_events VALUES (104,1101,'2016-06-12 12:25:51','direct');
INSERT INTO web_events VALUES (105,1111,'2015-11-15 17:29:17','direct');
INSERT INTO web_events VALUES (106,1111,'2015-12-15 21:57:08','direct');
INSERT INTO web_events VALUES (107,1121,'2015-08-26 00:31:17','direct');
INSERT INTO web_events VALUES (108,1121,'2015-09-25 13:51:50','direct');
INSERT INTO web_events VALUES (109,1121,'2015-10-24 15:26:00','direct');
INSERT INTO web_events VALUES (110,1121,'2015-11-22 17:24:28','direct');
INSERT INTO web_events VALUES (111,1121,'2015-12-21 00:53:55','direct');
INSERT INTO web_events VALUES (112,1121,'2016-01-20 15:14:22','direct');
INSERT INTO web_events VALUES (113,1121,'2016-02-19 17:45:15','direct');
INSERT INTO web_events VALUES (114,1121,'2016-03-19 07:15:57','direct');
INSERT INTO web_events VALUES (115,1121,'2016-04-18 15:19:59','direct');
INSERT INTO web_events VALUES (116,1121,'2016-05-17 13:08:34','direct');
INSERT INTO web_events VALUES (117,1121,'2016-06-16 21:54:08','direct');
INSERT INTO web_events VALUES (118,1121,'2016-07-15 03:22:59','direct');
INSERT INTO web_events VALUES (119,1121,'2016-08-13 20:27:33','direct');
INSERT INTO web_events VALUES (120,1121,'2016-09-11 22:54:21','direct');
INSERT INTO web_events VALUES (121,1121,'2016-10-10 10:32:06','direct');
INSERT INTO web_events VALUES (122,1121,'2016-11-08 02:28:45','direct');
INSERT INTO web_events VALUES (123,1121,'2016-12-07 18:30:17','direct');
INSERT INTO web_events VALUES (124,1131,'2016-05-13 06:37:09','direct');
INSERT INTO web_events VALUES (125,1131,'2016-06-12 12:22:12','direct');
INSERT INTO web_events VALUES (126,1131,'2016-07-11 23:51:17','direct');
INSERT INTO web_events VALUES (127,1131,'2016-08-10 23:45:07','direct');
INSERT INTO web_events VALUES (128,1131,'2016-09-09 16:42:29','direct');
INSERT INTO web_events VALUES (129,1131,'2016-10-09 14:54:48','direct');
INSERT INTO web_events VALUES (130,1131,'2016-11-07 04:55:33','direct');
INSERT INTO web_events VALUES (131,1131,'2016-12-07 06:14:50','direct');
INSERT INTO web_events VALUES (132,1141,'2016-09-24 03:05:59','direct');
INSERT INTO web_events VALUES (133,1141,'2016-10-23 20:17:13','direct');
INSERT INTO web_events VALUES (134,1141,'2016-11-22 20:35:48','direct');
INSERT INTO web_events VALUES (135,1141,'2016-12-21 15:46:23','direct');
INSERT INTO web_events VALUES (136,1151,'2016-12-30 04:31:50','direct');
INSERT INTO web_events VALUES (137,1161,'2016-03-06 02:51:21','direct');
INSERT INTO web_events VALUES (138,1161,'2016-04-05 21:34:46','direct');
INSERT INTO web_events VALUES (139,1161,'2016-05-05 09:51:29','direct');
INSERT INTO web_events VALUES (140,1161,'2016-06-04 08:56:13','direct');
INSERT INTO web_events VALUES (141,1161,'2016-07-03 10:12:24','direct');
INSERT INTO web_events VALUES (142,1161,'2016-08-01 17:32:47','direct');
INSERT INTO web_events VALUES (143,1161,'2016-08-31 03:03:42','direct');
INSERT INTO web_events VALUES (144,1161,'2016-09-29 07:40:17','direct');
INSERT INTO web_events VALUES (145,1161,'2016-10-28 07:06:27','direct');
INSERT INTO web_events VALUES (146,1161,'2016-11-26 12:47:01','direct');
INSERT INTO web_events VALUES (147,1161,'2016-12-25 20:19:48','direct');
INSERT INTO web_events VALUES (148,1171,'2016-08-24 20:21:20','direct');
INSERT INTO web_events VALUES (149,1171,'2016-09-23 03:16:51','direct');
INSERT INTO web_events VALUES (150,1171,'2016-10-22 17:44:31','direct');
INSERT INTO web_events VALUES (151,1171,'2016-11-20 03:42:30','direct');
INSERT INTO web_events VALUES (152,1171,'2016-12-20 18:00:34','direct');
INSERT INTO web_events VALUES (153,1181,'2013-12-17 22:46:54','direct');
INSERT INTO web_events VALUES (154,1181,'2014-01-16 12:14:22','direct');
INSERT INTO web_events VALUES (155,1181,'2014-02-14 08:25:20','direct');
INSERT INTO web_events VALUES (156,1181,'2014-03-16 04:28:46','direct');
INSERT INTO web_events VALUES (157,1181,'2014-04-14 13:42:38','direct');
INSERT INTO web_events VALUES (158,1181,'2014-05-14 05:23:01','direct');
INSERT INTO web_events VALUES (159,1181,'2014-06-13 09:21:27','direct');
INSERT INTO web_events VALUES (160,1181,'2014-07-13 15:16:23','direct');
INSERT INTO web_events VALUES (161,1181,'2014-08-12 04:49:42','direct');
INSERT INTO web_events VALUES (162,1181,'2014-09-10 19:05:00','direct');
INSERT INTO web_events VALUES (163,1181,'2014-10-10 14:06:31','direct');
INSERT INTO web_events VALUES (164,1181,'2014-11-09 21:36:20','direct');
INSERT INTO web_events VALUES (165,1181,'2014-12-09 12:34:35','direct');
INSERT INTO web_events VALUES (166,1181,'2015-01-08 06:56:59','direct');
INSERT INTO web_events VALUES (167,1181,'2015-02-06 13:17:17','direct');
INSERT INTO web_events VALUES (168,1181,'2015-03-08 06:03:51','direct');
INSERT INTO web_events VALUES (169,1181,'2015-04-06 03:07:49','direct');
INSERT INTO web_events VALUES (170,1181,'2015-05-06 13:25:32','direct');
INSERT INTO web_events VALUES (171,1181,'2015-06-05 17:13:06','direct');
INSERT INTO web_events VALUES (172,1181,'2015-07-04 20:45:36','direct');
INSERT INTO web_events VALUES (173,1181,'2015-08-03 17:39:43','direct');
INSERT INTO web_events VALUES (174,1181,'2015-09-01 08:50:27','direct');
INSERT INTO web_events VALUES (175,1181,'2015-10-01 22:38:33','direct');
INSERT INTO web_events VALUES (176,1181,'2015-10-31 08:42:52','direct');
INSERT INTO web_events VALUES (177,1181,'2015-11-29 05:41:02','direct');
INSERT INTO web_events VALUES (178,1181,'2015-12-28 11:09:56','direct');
INSERT INTO web_events VALUES (179,1181,'2016-01-26 19:33:46','direct');
INSERT INTO web_events VALUES (180,1181,'2016-02-25 17:02:56','direct');
INSERT INTO web_events VALUES (181,1181,'2016-03-25 19:13:15','direct');
INSERT INTO web_events VALUES (182,1181,'2016-04-24 16:35:36','direct');
INSERT INTO web_events VALUES (183,1181,'2016-05-23 02:37:37','direct');
INSERT INTO web_events VALUES (184,1181,'2016-06-22 05:21:09','direct');
INSERT INTO web_events VALUES (185,1181,'2016-07-21 14:39:32','direct');
INSERT INTO web_events VALUES (186,1181,'2016-08-19 22:21:09','direct');
INSERT INTO web_events VALUES (187,1181,'2016-09-18 08:58:13','direct');
INSERT INTO web_events VALUES (188,1181,'2016-10-18 09:36:08','direct');
INSERT INTO web_events VALUES (189,1181,'2016-11-17 08:54:11','direct');
INSERT INTO web_events VALUES (190,1181,'2016-12-17 21:55:03','direct');
INSERT INTO web_events VALUES (191,1191,'2016-01-24 19:27:29','direct');
INSERT INTO web_events VALUES (192,1191,'2016-02-23 10:10:54','direct');
INSERT INTO web_events VALUES (193,1191,'2016-03-23 21:14:33','direct');
INSERT INTO web_events VALUES (194,1191,'2016-04-22 02:48:25','direct');
INSERT INTO web_events VALUES (195,1191,'2016-05-21 23:08:54','direct');
INSERT INTO web_events VALUES (196,1191,'2016-06-20 21:11:15','direct');
INSERT INTO web_events VALUES (197,1191,'2016-07-19 07:10:19','direct');
INSERT INTO web_events VALUES (198,1191,'2016-08-18 16:02:29','direct');
INSERT INTO web_events VALUES (199,1191,'2016-09-17 05:08:25','direct');
INSERT INTO web_events VALUES (200,1191,'2016-10-16 19:03:26','direct');
INSERT INTO web_events VALUES (201,1191,'2016-11-15 20:16:21','direct');
INSERT INTO web_events VALUES (202,1191,'2016-12-15 20:19:47','direct');
INSERT INTO web_events VALUES (203,1201,'2016-11-12 11:28:50','direct');
INSERT INTO web_events VALUES (204,1201,'2016-12-11 05:36:36','direct');
INSERT INTO web_events VALUES (205,1211,'2016-11-22 07:40:48','direct');
INSERT INTO web_events VALUES (206,1211,'2016-12-21 23:18:36','direct');
INSERT INTO web_events VALUES (207,1221,'2015-01-20 10:27:15','direct');
INSERT INTO web_events VALUES (208,1221,'2015-02-18 15:26:53','direct');
INSERT INTO web_events VALUES (209,1221,'2015-03-19 12:12:00','direct');
INSERT INTO web_events VALUES (210,1221,'2015-04-17 11:27:17','direct');
INSERT INTO web_events VALUES (211,1221,'2015-05-16 19:33:22','direct');
INSERT INTO web_events VALUES (212,1221,'2015-06-15 08:11:12','direct');
INSERT INTO web_events VALUES (213,1221,'2015-07-15 07:12:07','direct');
INSERT INTO web_events VALUES (214,1221,'2015-08-14 09:40:52','direct');
INSERT INTO web_events VALUES (215,1221,'2015-09-12 17:31:15','direct');
INSERT INTO web_events VALUES (216,1221,'2015-10-11 13:06:10','direct');
INSERT INTO web_events VALUES (217,1221,'2015-11-09 23:23:27','direct');
INSERT INTO web_events VALUES (218,1221,'2015-12-08 16:32:01','direct');
INSERT INTO web_events VALUES (219,1221,'2016-01-06 20:37:28','direct');
INSERT INTO web_events VALUES (220,1221,'2016-02-04 20:02:52','direct');
INSERT INTO web_events VALUES (221,1221,'2016-03-04 19:36:45','direct');
INSERT INTO web_events VALUES (222,1221,'2016-04-03 19:06:52','direct');
INSERT INTO web_events VALUES (223,1221,'2016-05-03 07:10:37','direct');
INSERT INTO web_events VALUES (224,1221,'2016-06-01 21:28:50','direct');
INSERT INTO web_events VALUES (225,1221,'2016-06-30 14:59:10','direct');
INSERT INTO web_events VALUES (226,1221,'2016-07-29 22:44:37','direct');
INSERT INTO web_events VALUES (227,1221,'2016-08-27 07:44:44','direct');
INSERT INTO web_events VALUES (228,1221,'2016-09-26 18:06:43','direct');
INSERT INTO web_events VALUES (229,1221,'2016-10-26 08:20:10','direct');
INSERT INTO web_events VALUES (230,1221,'2016-11-25 07:58:21','direct');
INSERT INTO web_events VALUES (231,1221,'2016-12-24 20:56:51','direct');
INSERT INTO web_events VALUES (232,1231,'2016-02-26 03:06:10','direct');
INSERT INTO web_events VALUES (233,1231,'2016-03-27 11:28:17','direct');
INSERT INTO web_events VALUES (234,1231,'2016-04-26 16:58:23','direct');
INSERT INTO web_events VALUES (235,1231,'2016-05-26 17:12:43','direct');
INSERT INTO web_events VALUES (236,1231,'2016-06-25 12:21:04','direct');
INSERT INTO web_events VALUES (237,1231,'2016-07-24 06:09:57','direct');
INSERT INTO web_events VALUES (238,1231,'2016-08-23 15:21:38','direct');
INSERT INTO web_events VALUES (239,1231,'2016-09-22 23:40:05','direct');
INSERT INTO web_events VALUES (240,1231,'2016-10-21 22:50:17','direct');
INSERT INTO web_events VALUES (241,1231,'2016-11-20 15:03:48','direct');
INSERT INTO web_events VALUES (242,1231,'2016-12-20 13:52:13','direct');
INSERT INTO web_events VALUES (243,1241,'2016-06-14 10:54:31','direct');
INSERT INTO web_events VALUES (244,1241,'2016-07-13 12:55:39','direct');
INSERT INTO web_events VALUES (245,1241,'2016-08-11 02:35:12','direct');
INSERT INTO web_events VALUES (246,1241,'2016-09-09 17:48:36','direct');
INSERT INTO web_events VALUES (247,1241,'2016-10-08 11:00:10','direct');
INSERT INTO web_events VALUES (248,1241,'2016-11-07 06:21:19','direct');
INSERT INTO web_events VALUES (249,1241,'2016-12-06 15:00:10','direct');
INSERT INTO web_events VALUES (250,1251,'2013-12-11 20:17:01','direct');
INSERT INTO web_events VALUES (251,1251,'2014-01-09 04:25:01','direct');
INSERT INTO web_events VALUES (252,1251,'2014-02-07 20:47:16','direct');
INSERT INTO web_events VALUES (253,1251,'2014-03-08 06:14:06','direct');
INSERT INTO web_events VALUES (254,1251,'2014-04-07 10:30:19','direct');
INSERT INTO web_events VALUES (255,1251,'2014-05-07 21:06:09','direct');
INSERT INTO web_events VALUES (256,1251,'2014-06-06 15:42:18','direct');
INSERT INTO web_events VALUES (257,1251,'2014-07-05 04:03:05','direct');
INSERT INTO web_events VALUES (258,1251,'2014-08-04 19:28:13','direct');
INSERT INTO web_events VALUES (259,1251,'2014-09-03 12:21:39','direct');
INSERT INTO web_events VALUES (260,1251,'2014-10-02 23:05:36','direct');
INSERT INTO web_events VALUES (261,1251,'2014-11-01 02:08:04','direct');
INSERT INTO web_events VALUES (262,1251,'2014-12-01 09:11:22','direct');
INSERT INTO web_events VALUES (263,1251,'2014-12-30 01:59:42','direct');
INSERT INTO web_events VALUES (264,1251,'2015-01-28 10:03:50','direct');
INSERT INTO web_events VALUES (265,1261,'2014-11-12 22:02:36','direct');
INSERT INTO web_events VALUES (266,1261,'2014-12-11 02:24:13','direct');
INSERT INTO web_events VALUES (267,1261,'2015-01-09 06:17:55','direct');
INSERT INTO web_events VALUES (268,1261,'2015-02-07 17:56:41','direct');
INSERT INTO web_events VALUES (269,1261,'2015-03-08 16:04:32','direct');
INSERT INTO web_events VALUES (270,1261,'2015-04-07 12:41:00','direct');
INSERT INTO web_events VALUES (271,1261,'2015-05-06 17:13:50','direct');
INSERT INTO web_events VALUES (272,1261,'2015-06-04 01:24:01','direct');
INSERT INTO web_events VALUES (273,1261,'2015-07-03 18:09:58','direct');
INSERT INTO web_events VALUES (274,1261,'2015-08-02 23:16:24','direct');
INSERT INTO web_events VALUES (275,1261,'2015-08-31 20:27:29','direct');
INSERT INTO web_events VALUES (276,1261,'2015-09-29 11:37:17','direct');
INSERT INTO web_events VALUES (277,1261,'2015-10-29 03:42:33','direct');
INSERT INTO web_events VALUES (278,1261,'2015-11-27 01:30:24','direct');
INSERT INTO web_events VALUES (279,1261,'2015-12-27 18:48:51','direct');
INSERT INTO web_events VALUES (280,1261,'2016-01-26 03:17:09','direct');
INSERT INTO web_events VALUES (281,1261,'2016-02-25 12:57:57','direct');
INSERT INTO web_events VALUES (282,1261,'2016-03-26 09:05:06','direct');
INSERT INTO web_events VALUES (283,1261,'2016-04-24 02:03:26','direct');
INSERT INTO web_events VALUES (284,1261,'2016-05-23 17:58:17','direct');
INSERT INTO web_events VALUES (285,1261,'2016-06-22 01:51:08','direct');
INSERT INTO web_events VALUES (286,1261,'2016-07-21 09:21:22','direct');
INSERT INTO web_events VALUES (287,1261,'2016-08-19 11:48:13','direct');
INSERT INTO web_events VALUES (288,1261,'2016-09-18 03:56:55','direct');
INSERT INTO web_events VALUES (289,1261,'2016-10-17 08:11:29','direct');
INSERT INTO web_events VALUES (290,1261,'2016-11-15 18:50:54','direct');
INSERT INTO web_events VALUES (291,1261,'2016-12-15 04:58:31','direct');
INSERT INTO web_events VALUES (292,1271,'2015-10-28 11:49:13','direct');
INSERT INTO web_events VALUES (293,1271,'2015-11-26 05:58:50','direct');
INSERT INTO web_events VALUES (294,1281,'2013-12-05 20:17:50','direct');
INSERT INTO web_events VALUES (295,1281,'2014-01-03 23:30:04','direct');
INSERT INTO web_events VALUES (296,1281,'2014-02-02 03:37:48','direct');
INSERT INTO web_events VALUES (297,1281,'2014-03-03 07:22:51','direct');
INSERT INTO web_events VALUES (298,1281,'2014-04-01 11:31:59','direct');
INSERT INTO web_events VALUES (299,1281,'2014-05-01 21:35:29','direct');
INSERT INTO web_events VALUES (9068,4491,'2016-09-11 19:18:07','banner');
INSERT INTO web_events VALUES (9069,4491,'2016-10-04 15:43:29','facebook');
INSERT INTO web_events VALUES (9070,4491,'2016-10-04 23:42:41','twitter');
INSERT INTO web_events VALUES (9071,4491,'2016-11-06 07:23:45','organic');
INSERT INTO web_events VALUES (9072,4491,'2016-12-18 03:21:31','organic');
INSERT INTO web_events VALUES (9073,4501,'2016-05-30 00:46:53','organic');

CREATE TABLE sales_reps (
	id integer,
	name varchar(50),
	region_id integer
);
INSERT INTO sales_reps VALUES (321500,'Samuel Racine',1);
INSERT INTO sales_reps VALUES (321510,'Eugena Esser',1);
INSERT INTO sales_reps VALUES (321520,'Michel Averette',1);
INSERT INTO sales_reps VALUES (321530,'Renetta Carew',1);
INSERT INTO sales_reps VALUES (321540,'Cara Clarke',1);
INSERT INTO sales_reps VALUES (321550,'Lavera Oles',1);
INSERT INTO sales_reps VALUES (321560,'Elba Felder',1);
INSERT INTO sales_reps VALUES (321570,'Shawanda Selke',1);
INSERT INTO sales_reps VALUES (321580,'Sibyl Lauria',1);
INSERT INTO sales_reps VALUES (321590,'Necole Victory',1);
INSERT INTO sales_reps VALUES (321600,'Ernestine Pickron',1);
INSERT INTO sales_reps VALUES (321610,'Ayesha Monica',1);
INSERT INTO sales_reps VALUES (321620,'Retha Sears',1);
INSERT INTO sales_reps VALUES (321630,'Julia Behrman',1);
INSERT INTO sales_reps VALUES (321640,'Tia Amato',1);
INSERT INTO sales_reps VALUES (321650,'Akilah Drinkard',1);
INSERT INTO sales_reps VALUES (321660,'Silvana Virden',1);
INSERT INTO sales_reps VALUES (321670,'Nakesha Renn',1);
INSERT INTO sales_reps VALUES (321680,'Elna Condello',1);
INSERT INTO sales_reps VALUES (321690,'Gianna Dossey',1);
INSERT INTO sales_reps VALUES (321700,'Debroah Wardle',1);
INSERT INTO sales_reps VALUES (321710,'Sherlene Wetherington',2);
INSERT INTO sales_reps VALUES (321720,'Chau Rowles',2);
INSERT INTO sales_reps VALUES (321730,'Carletta Kosinski',2);
INSERT INTO sales_reps VALUES (321740,'Charles Bidwell',2);
INSERT INTO sales_reps VALUES (321750,'Cliff Meints',2);
INSERT INTO sales_reps VALUES (321760,'Delilah Krum',2);
INSERT INTO sales_reps VALUES (321770,'Kathleen Lalonde',2);
INSERT INTO sales_reps VALUES (321780,'Julie Starr',2);
INSERT INTO sales_reps VALUES (321790,'Cordell Rieder',2);
INSERT INTO sales_reps VALUES (321800,'Earlie Schleusner',3);
INSERT INTO sales_reps VALUES (321810,'Moon Torian',3);
INSERT INTO sales_reps VALUES (321820,'Dorotha Seawell',3);
INSERT INTO sales_reps VALUES (321830,'Maren Musto',3);
INSERT INTO sales_reps VALUES (321840,'Vernita Plump',3);
INSERT INTO sales_reps VALUES (321850,'Calvin Ollison',3);
INSERT INTO sales_reps VALUES (321860,'Saran Ram',3);
INSERT INTO sales_reps VALUES (321870,'Derrick Boggess',3);
INSERT INTO sales_reps VALUES (321880,'Babette Soukup',3);
INSERT INTO sales_reps VALUES (321890,'Nelle Meaux',3);
INSERT INTO sales_reps VALUES (321900,'Soraya Fulton',4);
INSERT INTO sales_reps VALUES (321910,'Brandie Riva',4);
INSERT INTO sales_reps VALUES (321920,'Marquetta Laycock',4);
INSERT INTO sales_reps VALUES (321930,'Hilma Busick',4);
INSERT INTO sales_reps VALUES (321940,'Arica Stoltzfus',4);
INSERT INTO sales_reps VALUES (321950,'Elwood Shutt',4);
INSERT INTO sales_reps VALUES (321960,'Maryanna Fiorentino',4);
INSERT INTO sales_reps VALUES (321970,'Georgianna Chisholm',4);
INSERT INTO sales_reps VALUES (321980,'Micha Woodford',4);
INSERT INTO sales_reps VALUES (321990,'Dawna Agnew',4);

CREATE TABLE region (
	id integer,
	name varchar(50)
);
INSERT INTO region VALUES (1,'Northeast');
INSERT INTO region VALUES (2,'Midwest');
INSERT INTO region VALUES (3,'Southeast');
INSERT INTO region VALUES (4,'West');

CREATE TABLE orders (
	id integer,
	account_id integer,
	occurred_at timestamp,
	standard_qty integer,
	gloss_qty integer,
	poster_qty integer,
	total integer,
	standard_amt_usd numeric(10,2),
	gloss_amt_usd numeric(10,2),
	poster_amt_usd numeric(10,2),
	total_amt_usd numeric(10,2)
);
INSERT INTO orders VALUES (1,1001,'2015-10-06 17:31:14',123,22,24,169,613.77,164.78,194.88,973.43);
INSERT INTO orders VALUES (2,1001,'2015-11-05 03:34:33',190,41,57,288,948.1,307.09,462.84,1718.03);
INSERT INTO orders VALUES (3,1001,'2015-12-04 04:21:55',85,47,0,132,424.15,352.03,0,776.18);
INSERT INTO orders VALUES (4,1001,'2016-01-02 01:18:24',144,32,0,176,718.56,239.68,0,958.24);
INSERT INTO orders VALUES (5,1001,'2016-02-01 19:27:27',108,29,28,165,538.92,217.21,227.36,983.49);
INSERT INTO orders VALUES (6,1001,'2016-03-02 15:29:32',103,24,46,173,513.97,179.76,373.52,1067.25);
INSERT INTO orders VALUES (7,1001,'2016-04-01 11:20:18',101,33,92,226,503.99,247.17,747.04,1498.2);
INSERT INTO orders VALUES (8,1001,'2016-05-01 15:55:51',95,47,151,293,474.05,352.03,1226.12,2052.2);
INSERT INTO orders VALUES (9,1001,'2016-05-31 21:22:48',91,16,22,129,454.09,119.84,178.64,752.57);
INSERT INTO orders VALUES (10,1001,'2016-06-30 12:32:05',94,46,8,148,469.06,344.54,64.96,878.56);
INSERT INTO orders VALUES (11,1001,'2016-07-30 03:26:30',101,36,0,137,503.99,269.64,0,773.63);
INSERT INTO orders VALUES (12,1001,'2016-08-28 07:13:39',124,33,39,196,618.76,247.17,316.68,1182.61);
INSERT INTO orders VALUES (13,1001,'2016-09-26 23:28:25',104,10,44,158,518.96,74.9,357.28,951.14);
INSERT INTO orders VALUES (14,1001,'2016-10-26 20:31:30',97,143,54,294,484.03,1071.07,438.48,1993.58);
INSERT INTO orders VALUES (15,1001,'2016-11-25 23:21:32',127,39,44,210,633.73,292.11,357.28,1283.12);
INSERT INTO orders VALUES (16,1001,'2016-12-24 05:53:13',123,127,19,269,613.77,951.23,154.28,1719.28);
INSERT INTO orders VALUES (17,1011,'2016-12-21 10:59:34',527,14,0,541,2629.73,104.86,0,2734.59);
INSERT INTO orders VALUES (18,1021,'2015-10-12 02:21:56',516,23,0,539,2574.84,172.27,0,2747.11);
INSERT INTO orders VALUES (19,1021,'2015-11-11 07:37:01',497,61,0,558,2480.03,456.89,0,2936.92);
INSERT INTO orders VALUES (20,1021,'2015-12-11 16:53:18',483,0,21,504,2410.17,0,170.52,2580.69);
INSERT INTO orders VALUES (21,1021,'2016-01-10 09:29:45',535,0,34,569,2669.65,0,276.08,2945.73);
INSERT INTO orders VALUES (22,1021,'2016-02-09 00:50:46',502,4,9,515,2504.98,29.96,73.08,2608.02);
INSERT INTO orders VALUES (23,1021,'2016-03-10 00:38:52',555,19,4,578,2769.45,142.31,32.48,2944.24);
INSERT INTO orders VALUES (24,1031,'2016-12-25 03:54:27',1148,0,215,1363,5728.52,0,1745.8,7474.32);
INSERT INTO orders VALUES (25,1041,'2016-10-14 23:54:21',298,28,69,395,1487.02,209.72,560.28,2257.02);
INSERT INTO orders VALUES (26,1041,'2016-11-13 10:11:52',307,22,0,329,1531.93,164.78,0,1696.71);
INSERT INTO orders VALUES (27,1041,'2016-12-12 07:50:01',157,34,21,212,783.43,254.66,170.52,1208.61);
INSERT INTO orders VALUES (28,1051,'2016-08-02 20:13:27',505,84,0,589,2519.95,629.16,0,3149.11);
INSERT INTO orders VALUES (29,1051,'2016-09-01 05:38:19',498,35,9,542,2485.02,262.15,73.08,2820.25);
INSERT INTO orders VALUES (30,1051,'2016-10-01 00:48:28',486,0,1,487,2425.14,0,8.12,2433.26);
INSERT INTO orders VALUES (31,1051,'2016-10-31 06:47:30',505,71,19,595,2519.95,531.79,154.28,3206.02);
INSERT INTO orders VALUES (32,1051,'2016-11-30 07:31:16',490,18,0,508,2445.1,134.82,0,2579.92);
INSERT INTO orders VALUES (33,1051,'2016-12-30 08:45:43',495,1,1,497,2470.05,7.49,8.12,2485.66);
INSERT INTO orders VALUES (34,1061,'2016-10-19 16:04:11',290,52,23,365,1447.1,389.48,186.76,2023.34);
INSERT INTO orders VALUES (35,1061,'2016-11-17 08:43:27',249,3,17,269,1242.51,22.47,138.04,1403.02);
INSERT INTO orders VALUES (36,1061,'2016-12-16 21:32:36',290,22,18,330,1447.1,164.78,146.16,1758.04);
INSERT INTO orders VALUES (37,1071,'2016-12-13 09:01:03',803,31,19,853,4006.97,232.19,154.28,4393.44);
INSERT INTO orders VALUES (38,1081,'2015-02-12 22:57:54',283,61,23,367,1412.17,456.89,186.76,2055.82);
INSERT INTO orders VALUES (39,1081,'2015-03-13 09:48:32',309,0,25,334,1541.91,0,203,1744.91);
INSERT INTO orders VALUES (40,1081,'2015-04-12 04:38:22',292,30,11,333,1457.08,224.7,89.32,1771.1);
INSERT INTO orders VALUES (41,1081,'2015-05-12 23:20:46',273,30,19,322,1362.27,224.7,154.28,1741.25);
INSERT INTO orders VALUES (42,1081,'2015-06-11 13:43:57',291,36,62,389,1452.09,269.64,503.44,2225.17);
INSERT INTO orders VALUES (43,1081,'2015-07-11 23:17:32',433,18,73,524,2160.67,134.82,592.76,2888.25);
INSERT INTO orders VALUES (44,1081,'2015-08-09 18:29:20',297,24,9,330,1482.03,179.76,73.08,1734.87);
INSERT INTO orders VALUES (45,1081,'2015-09-07 15:35:21',293,30,20,343,1462.07,224.7,162.4,1849.17);
INSERT INTO orders VALUES (46,1081,'2015-11-06 04:19:20',321,38,16,375,1601.79,284.62,129.92,2016.33);
INSERT INTO orders VALUES (47,1081,'2015-12-05 21:51:34',311,31,7,349,1551.89,232.19,56.84,1840.92);
INSERT INTO orders VALUES (48,1081,'2016-01-03 23:21:47',314,20,208,542,1566.86,149.8,1688.96,3405.62);
INSERT INTO orders VALUES (49,1081,'2016-02-01 20:00:37',298,26,25,349,1487.02,194.74,203,1884.76);
INSERT INTO orders VALUES (50,1081,'2016-03-02 06:07:31',270,40,31,341,1347.3,299.6,251.72,1898.62);
INSERT INTO orders VALUES (51,1081,'2016-04-30 07:46:13',501,26,15,542,2499.99,194.74,121.8,2816.53);
INSERT INTO orders VALUES (52,1081,'2016-05-30 04:02:38',273,74,29,376,1362.27,554.26,235.48,2152.01);
INSERT INTO orders VALUES (53,1081,'2016-06-28 06:18:20',328,25,21,374,1636.72,187.25,170.52,1994.49);
INSERT INTO orders VALUES (54,1081,'2016-07-28 22:48:55',302,54,19,375,1506.98,404.46,154.28,2065.72);
INSERT INTO orders VALUES (55,1081,'2016-08-26 16:47:57',272,25,30,327,1357.28,187.25,243.6,1788.13);
INSERT INTO orders VALUES (56,1081,'2016-09-24 09:47:30',319,45,101,465,1591.81,337.05,820.12,2748.98);
INSERT INTO orders VALUES (57,1081,'2016-10-24 21:46:10',303,28,0,331,1511.97,209.72,0,1721.69);
INSERT INTO orders VALUES (58,1081,'2016-11-23 04:38:57',334,25,20,379,1666.66,187.25,162.4,2016.31);
INSERT INTO orders VALUES (59,1081,'2016-12-23 13:19:56',293,29,0,322,1462.07,217.21,0,1679.28);
INSERT INTO orders VALUES (60,1091,'2014-08-15 05:38:05',150,0,19,169,748.5,0,154.28,902.78);
INSERT INTO orders VALUES (61,1091,'2014-09-13 05:11:21',150,28,16,194,748.5,209.72,129.92,1088.14);
INSERT INTO orders VALUES (62,1091,'2014-10-13 12:12:55',146,196,3,345,728.54,1468.04,24.36,2220.94);
INSERT INTO orders VALUES (63,1091,'2014-11-12 06:54:10',146,10,17,173,728.54,74.9,138.04,941.48);
INSERT INTO orders VALUES (64,1091,'2014-12-11 10:36:32',261,25,13,299,1302.39,187.25,105.56,1595.2);
INSERT INTO orders VALUES (65,1091,'2015-01-09 14:16:50',148,15,92,255,738.52,112.35,747.04,1597.91);
INSERT INTO orders VALUES (66,1091,'2015-02-08 10:01:50',132,14,10,156,658.68,104.86,81.2,844.74);
INSERT INTO orders VALUES (67,1091,'2015-04-07 13:29:20',95,0,0,95,474.05,0,0,474.05);
INSERT INTO orders VALUES (68,1091,'2015-06-05 19:18:24',150,0,11,161,748.5,0,89.32,837.82);
INSERT INTO orders VALUES (69,1091,'2015-07-05 02:45:54',145,0,9,154,723.55,0,73.08,796.63);
INSERT INTO orders VALUES (70,1091,'2015-08-03 12:02:33',122,5,0,127,608.78,37.45,0,646.23);
INSERT INTO orders VALUES (71,1091,'2015-09-01 14:30:59',150,19,21,190,748.5,142.31,170.52,1061.33);
INSERT INTO orders VALUES (72,1091,'2015-10-01 15:53:49',163,25,0,188,813.37,187.25,0,1000.62);
INSERT INTO orders VALUES (73,1091,'2015-10-31 16:07:00',135,0,8,143,673.65,0,64.96,738.61);
INSERT INTO orders VALUES (74,1091,'2015-11-29 21:32:47',162,13,0,175,808.38,97.37,0,905.75);
INSERT INTO orders VALUES (75,1091,'2015-12-28 18:48:29',144,10,17,171,718.56,74.9,138.04,931.5);
INSERT INTO orders VALUES (76,1091,'2016-01-26 06:32:50',153,0,69,222,763.47,0,560.28,1323.75);
INSERT INTO orders VALUES (77,1091,'2016-02-25 07:04:29',144,5,19,168,718.56,37.45,154.28,910.29);
INSERT INTO orders VALUES (78,1091,'2016-03-25 22:26:45',99,0,33,132,494.01,0,267.96,761.97);
INSERT INTO orders VALUES (79,1091,'2016-04-24 07:33:58',145,0,15,160,723.55,0,121.8,845.35);
INSERT INTO orders VALUES (80,1091,'2016-05-23 07:40:57',156,0,11,167,778.44,0,89.32,867.76);
INSERT INTO orders VALUES (81,1091,'2016-06-22 01:09:48',149,8,0,157,743.51,59.92,0,803.43);
INSERT INTO orders VALUES (82,1091,'2016-07-21 18:51:18',148,0,50,198,738.52,0,406,1144.52);
INSERT INTO orders VALUES (83,1091,'2016-08-20 04:50:59',137,12,6,155,683.63,89.88,48.72,822.23);
INSERT INTO orders VALUES (84,1091,'2016-09-18 20:57:59',172,0,15,187,858.28,0,121.8,980.08);
INSERT INTO orders VALUES (85,1091,'2016-10-17 13:31:48',146,10,0,156,728.54,74.9,0,803.44);
INSERT INTO orders VALUES (86,1091,'2016-11-15 18:16:13',254,2,5,261,1267.46,14.98,40.6,1323.04);
INSERT INTO orders VALUES (87,1091,'2016-12-14 21:26:59',153,0,13,166,763.47,0,105.56,869.03);
INSERT INTO orders VALUES (88,1101,'2015-06-24 13:08:15',182,339,17,538,908.18,2539.11,138.04,3585.33);
INSERT INTO orders VALUES (89,1101,'2015-08-22 19:40:36',175,20,19,214,873.25,149.8,154.28,1177.33);
INSERT INTO orders VALUES (90,1101,'2015-09-21 05:12:37',139,0,0,139,693.61,0,0,693.61);
INSERT INTO orders VALUES (91,1101,'2015-10-21 16:35:51',148,0,17,165,738.52,0,138.04,876.56);
INSERT INTO orders VALUES (92,1101,'2015-11-21 00:11:01',155,5,34,194,773.45,37.45,276.08,1086.98);
INSERT INTO orders VALUES (93,1101,'2015-12-19 18:36:08',158,52,2,212,788.42,389.48,16.24,1194.14);
INSERT INTO orders VALUES (94,1101,'2016-01-17 14:32:49',149,11,6,166,743.51,82.39,48.72,874.62);
INSERT INTO orders VALUES (95,1101,'2016-02-15 07:57:58',168,1,2,171,838.32,7.49,16.24,862.05);
INSERT INTO orders VALUES (96,1101,'2016-03-15 11:36:03',14,8,16,38,69.86,59.92,129.92,259.7);
INSERT INTO orders VALUES (97,1101,'2016-04-14 00:14:37',160,16,0,176,798.4,119.84,0,918.24);
INSERT INTO orders VALUES (98,1101,'2016-05-13 02:19:44',163,16,22,201,813.37,119.84,178.64,1111.85);
INSERT INTO orders VALUES (99,1101,'2016-06-12 12:56:04',150,0,12,162,748.5,0,97.44,845.94);
INSERT INTO orders VALUES (100,1111,'2015-11-15 17:49:49',301,77,23,401,1501.99,576.73,186.76,2265.48);
INSERT INTO orders VALUES (101,1111,'2015-12-15 22:02:35',349,41,0,390,1741.51,307.09,0,2048.6);
INSERT INTO orders VALUES (102,1121,'2015-08-26 00:32:35',293,33,11,337,1462.07,247.17,89.32,1798.56);
INSERT INTO orders VALUES (103,1121,'2015-09-25 13:56:00',298,64,0,362,1487.02,479.36,0,1966.38);
INSERT INTO orders VALUES (104,1121,'2015-10-24 15:43:59',298,72,27,397,1487.02,539.28,219.24,2245.54);
INSERT INTO orders VALUES (105,1121,'2015-11-22 17:26:40',331,32,10,373,1651.69,239.68,81.2,1972.57);
INSERT INTO orders VALUES (106,1121,'2015-12-21 01:14:30',291,0,16,307,1452.09,0,129.92,1582.01);
INSERT INTO orders VALUES (107,1121,'2016-01-20 15:31:29',200,38,22,260,998,284.62,178.64,1461.26);
INSERT INTO orders VALUES (108,1121,'2016-02-19 18:07:00',284,48,7,339,1417.16,359.52,56.84,1833.52);
INSERT INTO orders VALUES (109,1121,'2016-03-19 07:18:30',294,26,0,320,1467.06,194.74,0,1661.8);
INSERT INTO orders VALUES (110,1121,'2016-04-18 15:26:58',298,0,21,319,1487.02,0,170.52,1657.54);
INSERT INTO orders VALUES (111,1121,'2016-05-17 13:18:04',304,40,26,370,1516.96,299.6,211.12,2027.68);
INSERT INTO orders VALUES (112,1121,'2016-07-15 03:35:43',294,19,13,326,1467.06,142.31,105.56,1714.93);
INSERT INTO orders VALUES (113,1121,'2016-08-13 20:41:27',302,14,0,316,1506.98,104.86,0,1611.84);
INSERT INTO orders VALUES (114,1121,'2016-09-11 23:20:42',305,19,0,324,1521.95,142.31,0,1664.26);
INSERT INTO orders VALUES (115,1121,'2016-10-10 10:54:31',303,30,133,466,1511.97,224.7,1079.96,2816.63);
INSERT INTO orders VALUES (116,1121,'2016-11-08 02:29:47',294,23,47,364,1467.06,172.27,381.64,2020.97);
INSERT INTO orders VALUES (117,1121,'2016-12-07 18:48:16',321,38,9,368,1601.79,284.62,73.08,1959.49);
INSERT INTO orders VALUES (118,1131,'2016-05-13 06:54:10',377,8,32,417,1881.23,59.92,259.84,2200.99);
INSERT INTO orders VALUES (119,1131,'2016-06-12 12:29:45',0,30,23,53,0,224.7,186.76,411.46);
INSERT INTO orders VALUES (120,1131,'2016-07-12 00:17:14',296,32,22,350,1477.04,239.68,178.64,1895.36);
INSERT INTO orders VALUES (121,1131,'2016-08-10 23:47:41',273,134,0,407,1362.27,1003.66,0,2365.93);
INSERT INTO orders VALUES (122,1131,'2016-09-09 17:07:16',310,21,0,331,1546.9,157.29,0,1704.19);
INSERT INTO orders VALUES (123,1131,'2016-10-09 15:13:25',307,20,38,365,1531.93,149.8,308.56,1990.29);
INSERT INTO orders VALUES (124,1131,'2016-11-07 05:10:56',0,0,0,0,0,0,0,0);
INSERT INTO orders VALUES (125,1131,'2016-12-07 06:28:31',303,28,0,331,1511.97,209.72,0,1721.69);
INSERT INTO orders VALUES (126,1141,'2016-09-24 03:35:17',193,0,0,193,963.07,0,0,963.07);
INSERT INTO orders VALUES (127,1141,'2016-10-23 20:29:12',174,0,34,208,868.26,0,276.08,1144.34);
INSERT INTO orders VALUES (128,1141,'2016-11-22 20:51:49',150,0,7,157,748.5,0,56.84,805.34);
INSERT INTO orders VALUES (129,1141,'2016-12-21 15:52:58',143,1045,2157,3345,713.57,7827.05,17514.84,26055.46);
INSERT INTO orders VALUES (130,1151,'2016-12-30 05:02:46',503,0,56,559,2509.97,0,454.72,2964.69);
INSERT INTO orders VALUES (131,1161,'2016-03-06 03:01:33',366,35,13,414,1826.34,262.15,105.56,2194.05);
INSERT INTO orders VALUES (132,1161,'2016-04-05 22:03:16',518,10,8,536,2584.82,74.9,64.96,2724.68);
INSERT INTO orders VALUES (133,1161,'2016-05-05 10:04:06',495,37,0,532,2470.05,277.13,0,2747.18);
INSERT INTO orders VALUES (134,1161,'2016-06-04 09:20:44',497,99,22,618,2480.03,741.51,178.64,3400.18);
INSERT INTO orders VALUES (135,1161,'2016-07-03 10:40:49',511,0,13,524,2549.89,0,105.56,2655.45);
INSERT INTO orders VALUES (136,1161,'2016-08-01 17:54:19',495,0,28,523,2470.05,0,227.36,2697.41);
INSERT INTO orders VALUES (137,1161,'2016-08-31 03:20:24',458,2,27,487,2285.42,14.98,219.24,2519.64);
INSERT INTO orders VALUES (138,1161,'2016-09-29 07:56:39',423,10,21,454,2110.77,74.9,170.52,2356.19);
INSERT INTO orders VALUES (139,1161,'2016-10-28 07:33:35',501,7,0,508,2499.99,52.43,0,2552.42);
INSERT INTO orders VALUES (140,1161,'2016-11-26 12:57:21',427,16,16,459,2130.73,119.84,129.92,2380.49);
INSERT INTO orders VALUES (141,1161,'2016-12-25 20:33:25',509,7,6,522,2539.91,52.43,48.72,2641.06);
INSERT INTO orders VALUES (142,1171,'2016-08-24 20:41:08',332,32,13,377,1656.68,239.68,105.56,2001.92);
INSERT INTO orders VALUES (143,1171,'2016-09-23 03:36:03',298,0,66,364,1487.02,0,535.92,2022.94);
INSERT INTO orders VALUES (144,1171,'2016-10-22 17:50:39',288,22,26,336,1437.12,164.78,211.12,1813.02);
INSERT INTO orders VALUES (145,1171,'2016-11-20 03:49:54',271,29,26,326,1352.29,217.21,211.12,1780.62);
INSERT INTO orders VALUES (146,1171,'2016-12-20 18:09:01',257,34,63,354,1282.43,254.66,511.56,2048.65);
INSERT INTO orders VALUES (147,1181,'2013-12-17 23:02:57',339,0,0,339,1691.61,0,0,1691.61);
INSERT INTO orders VALUES (148,1181,'2014-01-16 12:41:35',511,1,27,539,2549.89,7.49,219.24,2776.62);
INSERT INTO orders VALUES (149,1181,'2014-02-14 08:36:49',487,3,19,509,2430.13,22.47,154.28,2606.88);
INSERT INTO orders VALUES (150,1181,'2014-03-16 04:54:17',481,14,15,510,2400.19,104.86,121.8,2626.85);
INSERT INTO orders VALUES (151,1181,'2014-04-14 13:50:32',505,0,99,604,2519.95,0,803.88,3323.83);
INSERT INTO orders VALUES (152,1181,'2014-05-14 05:25:30',504,54,0,558,2514.96,404.46,0,2919.42);
INSERT INTO orders VALUES (153,1181,'2014-06-13 09:44:25',510,7,0,517,2544.9,52.43,0,2597.33);
INSERT INTO orders VALUES (154,1181,'2014-07-13 15:36:01',493,0,0,493,2460.07,0,0,2460.07);
INSERT INTO orders VALUES (155,1181,'2014-08-12 04:53:21',493,0,18,511,2460.07,0,146.16,2606.23);
INSERT INTO orders VALUES (156,1181,'2014-09-10 19:12:10',501,19,0,520,2499.99,142.31,0,2642.3);
INSERT INTO orders VALUES (157,1181,'2014-10-10 14:13:28',498,46,22,566,2485.02,344.54,178.64,3008.2);
INSERT INTO orders VALUES (158,1181,'2014-11-09 22:03:16',706,13,3,722,3522.94,97.37,24.36,3644.67);
INSERT INTO orders VALUES (159,1181,'2014-12-09 12:46:46',476,0,4,480,2375.24,0,32.48,2407.72);
INSERT INTO orders VALUES (160,1181,'2015-01-08 07:23:41',476,0,2,478,2375.24,0,16.24,2391.48);
INSERT INTO orders VALUES (161,1181,'2015-02-06 13:29:48',510,2,12,524,2544.9,14.98,97.44,2657.32);
INSERT INTO orders VALUES (162,1181,'2015-03-08 06:05:39',484,0,35,519,2415.16,0,284.2,2699.36);
INSERT INTO orders VALUES (163,1181,'2015-04-06 03:14:32',489,1,9,499,2440.11,7.49,73.08,2520.68);
INSERT INTO orders VALUES (164,1181,'2015-05-06 13:45:56',508,21,0,529,2534.92,157.29,0,2692.21);
INSERT INTO orders VALUES (165,1181,'2015-06-05 17:35:06',511,11,0,522,2549.89,82.39,0,2632.28);
INSERT INTO orders VALUES (166,1181,'2015-07-04 20:58:59',491,0,0,491,2450.09,0,0,2450.09);
INSERT INTO orders VALUES (167,1181,'2015-08-03 18:02:01',500,0,8,508,2495,0,64.96,2559.96);
INSERT INTO orders VALUES (168,1181,'2015-09-01 09:08:48',507,12,0,519,2529.93,89.88,0,2619.81);
INSERT INTO orders VALUES (169,1181,'2015-10-01 22:44:46',477,27,26,530,2380.23,202.23,211.12,2793.58);
INSERT INTO orders VALUES (170,1181,'2015-10-31 08:48:08',535,8,0,543,2669.65,59.92,0,2729.57);
INSERT INTO orders VALUES (171,1181,'2015-11-29 06:01:34',470,21,3,494,2345.3,157.29,24.36,2526.95);
INSERT INTO orders VALUES (172,1181,'2015-12-28 11:30:53',459,18,16,493,2290.41,134.82,129.92,2555.15);
INSERT INTO orders VALUES (173,1181,'2016-01-26 19:59:47',496,4,0,500,2475.04,29.96,0,2505);
INSERT INTO orders VALUES (174,1181,'2016-02-25 17:33:00',495,15,4,514,2470.05,112.35,32.48,2614.88);
INSERT INTO orders VALUES (175,1181,'2016-03-25 19:26:28',471,0,8,479,2350.29,0,64.96,2415.25);
INSERT INTO orders VALUES (176,1181,'2016-04-24 16:47:51',2188,50,12,2250,10918.12,374.5,97.44,11390.06);
INSERT INTO orders VALUES (177,1181,'2016-05-23 02:53:33',514,19,0,533,2564.86,142.31,0,2707.17);
INSERT INTO orders VALUES (178,1181,'2016-06-22 05:29:19',492,4,0,496,2455.08,29.96,0,2485.04);
INSERT INTO orders VALUES (179,1181,'2016-07-21 15:00:45',495,30,5,530,2470.05,224.7,40.6,2735.35);
INSERT INTO orders VALUES (180,1181,'2016-08-19 22:44:43',504,13,23,540,2514.96,97.37,186.76,2799.09);
INSERT INTO orders VALUES (181,1181,'2016-09-18 09:07:46',504,10,0,514,2514.96,74.9,0,2589.86);
INSERT INTO orders VALUES (182,1181,'2016-10-18 09:56:10',507,14,20,541,2529.93,104.86,162.4,2797.19);
INSERT INTO orders VALUES (183,1181,'2016-11-17 09:12:10',509,13,76,598,2539.91,97.37,617.12,3254.4);
INSERT INTO orders VALUES (184,1181,'2016-12-17 22:14:14',428,0,22,450,2135.72,0,178.64,2314.36);
INSERT INTO orders VALUES (185,1191,'2016-01-24 19:29:16',502,0,17,519,2504.98,0,138.04,2643.02);
INSERT INTO orders VALUES (186,1191,'2016-02-23 10:30:36',485,18,17,520,2420.15,134.82,138.04,2693.01);
INSERT INTO orders VALUES (187,1191,'2016-03-23 21:33:31',485,134,0,619,2420.15,1003.66,0,3423.81);
INSERT INTO orders VALUES (188,1191,'2016-04-22 03:09:53',497,23,11,531,2480.03,172.27,89.32,2741.62);
INSERT INTO orders VALUES (189,1191,'2016-05-21 23:11:38',500,0,3,503,2495,0,24.36,2519.36);
INSERT INTO orders VALUES (190,1191,'2016-06-20 21:28:14',500,7,1,508,2495,52.43,8.12,2555.55);
INSERT INTO orders VALUES (191,1191,'2016-07-19 07:24:11',506,0,12,518,2524.94,0,97.44,2622.38);
INSERT INTO orders VALUES (192,1191,'2016-08-18 16:04:15',496,30,0,526,2475.04,224.7,0,2699.74);
INSERT INTO orders VALUES (193,1191,'2016-09-17 05:09:45',529,67,0,596,2639.71,501.83,0,3141.54);
INSERT INTO orders VALUES (194,1191,'2016-10-16 19:29:55',471,0,10,481,2350.29,0,81.2,2431.49);
INSERT INTO orders VALUES (195,1191,'2016-11-15 20:44:15',494,0,5,499,2465.06,0,40.6,2505.66);
INSERT INTO orders VALUES (196,1191,'2016-12-15 20:49:47',0,171,24,195,0,1280.79,194.88,1475.67);
INSERT INTO orders VALUES (197,1201,'2016-11-12 11:54:43',491,0,0,491,2450.09,0,0,2450.09);
INSERT INTO orders VALUES (198,1201,'2016-12-11 05:51:52',510,0,11,521,2544.9,0,89.32,2634.22);
INSERT INTO orders VALUES (199,1211,'2016-11-22 08:08:54',259,29,23,311,1292.41,217.21,186.76,1696.38);
INSERT INTO orders VALUES (200,1211,'2016-12-21 23:39:04',311,22,10,343,1551.89,164.78,81.2,1797.87);
INSERT INTO orders VALUES (201,1221,'2015-01-20 10:54:29',491,14,0,505,2450.09,104.86,0,2554.95);
INSERT INTO orders VALUES (202,1221,'2015-02-18 15:41:25',532,0,104,636,2654.68,0,844.48,3499.16);
INSERT INTO orders VALUES (203,1221,'2015-03-19 12:18:21',508,0,11,519,2534.92,0,89.32,2624.24);
INSERT INTO orders VALUES (204,1221,'2015-04-17 11:41:57',515,0,24,539,2569.85,0,194.88,2764.73);
INSERT INTO orders VALUES (205,1221,'2015-05-16 19:44:32',336,14,18,368,1676.64,104.86,146.16,1927.66);
INSERT INTO orders VALUES (206,1221,'2015-06-15 08:14:22',533,0,32,565,2659.67,0,259.84,2919.51);
INSERT INTO orders VALUES (207,1221,'2015-07-15 07:36:48',501,0,34,535,2499.99,0,276.08,2776.07);
INSERT INTO orders VALUES (208,1221,'2015-08-14 09:55:14',464,0,23,487,2315.36,0,186.76,2502.12);
INSERT INTO orders VALUES (209,1221,'2015-09-12 17:54:40',531,0,10,541,2649.69,0,81.2,2730.89);
INSERT INTO orders VALUES (210,1221,'2015-10-11 13:32:14',492,12,22,526,2455.08,89.88,178.64,2723.6);
INSERT INTO orders VALUES (211,1221,'2015-11-09 23:30:42',497,0,17,514,2480.03,0,138.04,2618.07);
INSERT INTO orders VALUES (212,1221,'2015-12-08 16:38:40',583,0,0,583,2909.17,0,0,2909.17);
INSERT INTO orders VALUES (213,1221,'2016-01-06 20:57:34',660,6,17,683,3293.4,44.94,138.04,3476.38);
INSERT INTO orders VALUES (214,1221,'2016-02-04 20:17:54',485,1345,21,1851,2420.15,10074.05,170.52,12664.72);
INSERT INTO orders VALUES (215,1221,'2016-03-04 19:49:15',512,0,3,515,2554.88,0,24.36,2579.24);
INSERT INTO orders VALUES (216,1221,'2016-04-03 19:34:42',542,20,0,562,2704.58,149.8,0,2854.38);
INSERT INTO orders VALUES (217,1221,'2016-05-03 07:17:08',500,0,35,535,2495,0,284.2,2779.2);
INSERT INTO orders VALUES (218,1221,'2016-06-01 21:34:56',504,20,113,637,2514.96,149.8,917.56,3582.32);
INSERT INTO orders VALUES (219,1221,'2016-06-30 15:16:45',496,0,78,574,2475.04,0,633.36,3108.4);
INSERT INTO orders VALUES (220,1221,'2016-07-29 23:05:35',496,5,9,510,2475.04,37.45,73.08,2585.57);
INSERT INTO orders VALUES (221,1221,'2016-08-27 08:04:03',510,0,0,510,2544.9,0,0,2544.9);
INSERT INTO orders VALUES (222,1221,'2016-09-26 18:25:38',495,16,11,522,2470.05,119.84,89.32,2679.21);
INSERT INTO orders VALUES (223,1221,'2016-10-26 08:45:50',494,10,0,504,2465.06,74.9,0,2539.96);
INSERT INTO orders VALUES (224,1221,'2016-11-25 08:10:12',501,114,7,622,2499.99,853.86,56.84,3410.69);
INSERT INTO orders VALUES (225,1221,'2016-12-24 21:14:21',510,9,39,558,2544.9,67.41,316.68,2928.99);
INSERT INTO orders VALUES (226,1231,'2016-02-26 03:23:36',485,7,0,492,2420.15,52.43,0,2472.58);
INSERT INTO orders VALUES (227,1231,'2016-03-27 11:31:53',715,29,12,756,3567.85,217.21,97.44,3882.5);
INSERT INTO orders VALUES (228,1231,'2016-04-26 17:01:44',522,9,7,538,2604.78,67.41,56.84,2729.03);
INSERT INTO orders VALUES (229,1231,'2016-05-26 17:41:23',498,9,4,511,2485.02,67.41,32.48,2584.91);
INSERT INTO orders VALUES (230,1231,'2016-07-24 06:33:56',508,0,24,532,2534.92,0,194.88,2729.8);
INSERT INTO orders VALUES (231,1231,'2016-08-23 15:37:48',497,14,96,607,2480.03,104.86,779.52,3364.41);
INSERT INTO orders VALUES (232,1231,'2016-09-23 00:10:40',498,14,19,531,2485.02,104.86,154.28,2744.16);
INSERT INTO orders VALUES (233,1231,'2016-10-21 22:54:32',477,11,1,489,2380.23,82.39,8.12,2470.74);
INSERT INTO orders VALUES (234,1231,'2016-11-20 15:16:58',505,0,1355,1860,2519.95,0,11002.6,13522.55);
INSERT INTO orders VALUES (235,1231,'2016-12-20 14:07:59',502,0,0,502,2504.98,0,0,2504.98);
INSERT INTO orders VALUES (236,1241,'2016-06-14 11:18:07',132,24,0,156,658.68,179.76,0,838.44);
INSERT INTO orders VALUES (237,1241,'2016-07-13 13:16:49',259,13,0,272,1292.41,97.37,0,1389.78);
INSERT INTO orders VALUES (238,1241,'2016-08-11 02:41:45',150,36,4,190,748.5,269.64,32.48,1050.62);
INSERT INTO orders VALUES (239,1241,'2016-09-09 18:13:45',165,13,0,178,823.35,97.37,0,920.72);
INSERT INTO orders VALUES (240,1241,'2016-10-08 11:09:21',147,12,99,258,733.53,89.88,803.88,1627.29);
INSERT INTO orders VALUES (241,1241,'2016-11-07 06:24:11',155,12,6,173,773.45,89.88,48.72,912.05);
INSERT INTO orders VALUES (242,1241,'2016-12-06 15:03:16',136,0,34,170,678.64,0,276.08,954.72);
INSERT INTO orders VALUES (243,1251,'2013-12-11 20:36:06',86,39,34,159,429.14,292.11,276.08,997.33);
INSERT INTO orders VALUES (244,1251,'2014-01-09 04:41:26',126,34,30,190,628.74,254.66,243.6,1127);
INSERT INTO orders VALUES (245,1251,'2014-02-07 21:05:25',94,24,25,143,469.06,179.76,203,851.82);
INSERT INTO orders VALUES (246,1251,'2014-03-08 06:23:33',86,34,24,144,429.14,254.66,194.88,878.68);
INSERT INTO orders VALUES (247,1251,'2014-04-07 10:57:41',101,28,20,149,503.99,209.72,162.4,876.11);
INSERT INTO orders VALUES (248,1251,'2014-05-07 21:11:36',80,90,28,198,399.2,674.1,227.36,1300.66);
INSERT INTO orders VALUES (249,1251,'2014-06-06 16:12:08',159,41,35,235,793.41,307.09,284.2,1384.7);
INSERT INTO orders VALUES (250,1251,'2014-07-05 04:17:47',100,28,42,170,499,209.72,341.04,1049.76);
INSERT INTO orders VALUES (251,1251,'2014-08-04 19:32:29',92,31,22,145,459.08,232.19,178.64,869.91);
INSERT INTO orders VALUES (252,1251,'2014-09-03 12:48:55',102,41,30,173,508.98,307.09,243.6,1059.67);
INSERT INTO orders VALUES (253,1251,'2014-10-02 23:07:32',97,30,13,140,484.03,224.7,105.56,814.29);
INSERT INTO orders VALUES (254,1251,'2014-11-01 02:15:24',0,0,17,17,0,0,138.04,138.04);
INSERT INTO orders VALUES (255,1251,'2014-12-01 09:31:47',101,21,24,146,503.99,157.29,194.88,856.16);
INSERT INTO orders VALUES (256,1251,'2014-12-30 02:30:01',336,52,12,400,1676.64,389.48,97.44,2163.56);
INSERT INTO orders VALUES (257,1251,'2015-01-28 10:17:39',135,34,68,237,673.65,254.66,552.16,1480.47);
INSERT INTO orders VALUES (258,1261,'2014-11-12 22:21:40',315,39,18,372,1571.85,292.11,146.16,2010.12);
INSERT INTO orders VALUES (259,1261,'2014-12-11 02:34:12',298,30,25,353,1487.02,224.7,203,1914.72);
INSERT INTO orders VALUES (260,1261,'2015-01-09 06:43:47',462,34,34,530,2305.38,254.66,276.08,2836.12);
INSERT INTO orders VALUES (261,1261,'2015-02-07 18:03:12',309,0,12,321,1541.91,0,97.44,1639.35);
INSERT INTO orders VALUES (262,1261,'2015-03-08 16:12:33',277,566,35,878,1382.23,4239.34,284.2,5905.77);
INSERT INTO orders VALUES (263,1261,'2015-04-07 13:09:41',311,28,6,345,1551.89,209.72,48.72,1810.33);
INSERT INTO orders VALUES (264,1261,'2015-05-06 17:37:10',314,38,0,352,1566.86,284.62,0,1851.48);
INSERT INTO orders VALUES (265,1261,'2015-06-04 01:49:55',361,37,38,436,1801.39,277.13,308.56,2387.08);
INSERT INTO orders VALUES (266,1261,'2015-07-03 18:18:41',308,24,5,337,1536.92,179.76,40.6,1757.28);
INSERT INTO orders VALUES (267,1261,'2015-08-02 23:28:52',311,44,28,383,1551.89,329.56,227.36,2108.81);
INSERT INTO orders VALUES (268,1261,'2015-08-31 20:40:53',241,89,0,330,1202.59,666.61,0,1869.2);
INSERT INTO orders VALUES (269,1261,'2015-09-29 11:40:31',298,9,0,307,1487.02,67.41,0,1554.43);
INSERT INTO orders VALUES (270,1261,'2015-10-29 03:45:08',295,105,0,400,1472.05,786.45,0,2258.5);
INSERT INTO orders VALUES (271,1261,'2015-11-27 01:54:14',293,38,28,359,1462.07,284.62,227.36,1974.05);
INSERT INTO orders VALUES (272,1261,'2015-12-27 19:08:47',304,24,31,359,1516.96,179.76,251.72,1948.44);
INSERT INTO orders VALUES (273,1261,'2016-01-26 03:36:10',306,24,1,331,1526.94,179.76,8.12,1714.82);
INSERT INTO orders VALUES (274,1261,'2016-02-25 13:09:22',48,27,25,100,239.52,202.23,203,644.75);
INSERT INTO orders VALUES (275,1261,'2016-03-26 09:17:30',248,43,15,306,1237.52,322.07,121.8,1681.39);
INSERT INTO orders VALUES (276,1261,'2016-04-24 02:27:52',310,67,28,405,1546.9,501.83,227.36,2276.09);
INSERT INTO orders VALUES (277,1261,'2016-05-23 18:13:17',286,13,47,346,1427.14,97.37,381.64,1906.15);
INSERT INTO orders VALUES (278,1261,'2016-06-22 02:13:56',303,28,25,356,1511.97,209.72,203,1924.69);
INSERT INTO orders VALUES (279,1261,'2016-07-21 09:23:06',328,55,0,383,1636.72,411.95,0,2048.67);
INSERT INTO orders VALUES (280,1261,'2016-08-19 12:09:31',280,0,14,294,1397.2,0,113.68,1510.88);
INSERT INTO orders VALUES (281,1261,'2016-09-18 04:02:28',304,0,14,318,1516.96,0,113.68,1630.64);
INSERT INTO orders VALUES (282,1261,'2016-10-17 08:27:40',330,68,7,405,1646.7,509.32,56.84,2212.86);
INSERT INTO orders VALUES (283,1261,'2016-11-15 19:14:01',288,2,47,337,1437.12,14.98,381.64,1833.74);
INSERT INTO orders VALUES (284,1261,'2016-12-15 05:00:47',286,71,32,389,1427.14,531.79,259.84,2218.77);
INSERT INTO orders VALUES (285,1271,'2015-10-28 12:07:44',94,7,38,139,469.06,52.43,308.56,830.05);
INSERT INTO orders VALUES (286,1271,'2015-11-26 06:17:51',104,20,55,179,518.96,149.8,446.6,1115.36);
INSERT INTO orders VALUES (287,1281,'2013-12-05 20:33:56',492,73,0,565,2455.08,546.77,0,3001.85);
INSERT INTO orders VALUES (288,1281,'2014-01-03 23:56:43',491,14,0,505,2450.09,104.86,0,2554.95);
INSERT INTO orders VALUES (289,1281,'2014-02-02 04:00:37',531,5,211,747,2649.69,37.45,1713.32,4400.46);
INSERT INTO orders VALUES (290,1281,'2014-03-03 07:53:36',509,133,222,864,2539.91,996.17,1802.64,5338.72);
INSERT INTO orders VALUES (291,1281,'2014-04-01 11:34:26',254,0,17,271,1267.46,0,138.04,1405.5);
INSERT INTO orders VALUES (292,1281,'2014-05-01 22:00:28',513,85,4,602,2559.87,636.65,32.48,3229);
INSERT INTO orders VALUES (293,1281,'2014-05-30 22:54:02',511,19,0,530,2549.89,142.31,0,2692.2);
INSERT INTO orders VALUES (294,1281,'2014-06-29 21:40:15',448,7,0,455,2235.52,52.43,0,2287.95);
INSERT INTO orders VALUES (295,1281,'2014-07-28 16:42:00',508,6,9,523,2534.92,44.94,73.08,2652.94);
INSERT INTO orders VALUES (296,1281,'2014-08-26 21:48:16',645,0,0,645,3218.55,0,0,3218.55);
INSERT INTO orders VALUES (297,1281,'2014-09-25 04:37:33',489,8,545,1042,2440.11,59.92,4425.4,6925.43);
INSERT INTO orders VALUES (298,1281,'2014-10-25 07:35:18',491,6,0,497,2450.09,44.94,0,2495.03);
INSERT INTO orders VALUES (299,1281,'2014-11-24 16:30:33',468,10,0,478,2335.32,74.9,0,2410.22);
INSERT INTO orders VALUES (300,1281,'2014-12-24 08:09:12',665,23,0,688,3318.35,172.27,0,3490.62);
INSERT INTO orders VALUES (301,1281,'2015-01-23 07:36:27',515,342,26,883,2569.85,2561.58,211.12,5342.55);
INSERT INTO orders VALUES (302,1281,'2015-02-22 03:25:38',465,0,27,492,2320.35,0,219.24,2539.59);
INSERT INTO orders VALUES (303,1281,'2015-03-24 15:55:32',478,18,21,517,2385.22,134.82,170.52,2690.56);
INSERT INTO orders VALUES (304,1281,'2015-04-23 16:21:49',500,27,0,527,2495,202.23,0,2697.23);
INSERT INTO orders VALUES (305,1281,'2015-05-22 01:57:26',483,24,75,582,2410.17,179.76,609,3198.93);
INSERT INTO orders VALUES (306,1281,'2015-06-20 18:25:48',491,0,1,492,2450.09,0,8.12,2458.21);
INSERT INTO orders VALUES (307,1281,'2015-07-20 00:50:25',499,7,83,589,2490.01,52.43,673.96,3216.4);
INSERT INTO orders VALUES (308,1281,'2015-08-19 13:27:11',485,0,0,485,2420.15,0,0,2420.15);
INSERT INTO orders VALUES (309,1281,'2015-09-18 08:01:48',477,14,0,491,2380.23,104.86,0,2485.09);
INSERT INTO orders VALUES (310,1281,'2015-10-18 00:55:25',509,94,148,751,2539.91,704.06,1201.76,4445.73);
INSERT INTO orders VALUES (311,1281,'2015-11-16 17:35:25',473,20,10,503,2360.27,149.8,81.2,2591.27);
INSERT INTO orders VALUES (312,1281,'2015-12-16 16:50:47',517,22,52,591,2579.83,164.78,422.24,3166.85);
INSERT INTO orders VALUES (313,1281,'2016-01-15 07:20:05',487,18,30,535,2430.13,134.82,243.6,2808.55);
INSERT INTO orders VALUES (314,1281,'2016-02-13 23:55:39',475,5,0,480,2370.25,37.45,0,2407.7);
INSERT INTO orders VALUES (315,1281,'2016-03-14 21:45:25',517,0,12,529,2579.83,0,97.44,2677.27);
INSERT INTO orders VALUES (316,1281,'2016-04-13 12:22:51',501,0,0,501,2499.99,0,0,2499.99);
INSERT INTO orders VALUES (317,1281,'2016-05-13 09:25:25',475,0,100,575,2370.25,0,812,3182.25);
INSERT INTO orders VALUES (318,1281,'2016-06-12 17:59:07',495,6,0,501,2470.05,44.94,0,2514.99);
INSERT INTO orders VALUES (319,1281,'2016-07-12 19:42:31',563,0,56,619,2809.37,0,454.72,3264.09);
INSERT INTO orders VALUES (320,1281,'2016-08-11 04:00:37',3337,1729,12,5078,16651.63,12950.21,97.44,29699.28);
INSERT INTO orders VALUES (321,1281,'2016-09-10 15:01:06',489,1,27,517,2440.11,7.49,219.24,2666.84);
INSERT INTO orders VALUES (322,1281,'2016-10-09 21:10:52',478,44,203,725,2385.22,329.56,1648.36,4363.14);
INSERT INTO orders VALUES (323,1281,'2016-11-08 15:27:50',483,39,0,522,2410.17,292.11,0,2702.28);
INSERT INTO orders VALUES (324,1281,'2016-12-08 10:14:58',512,0,26,538,2554.88,0,211.12,2766);
INSERT INTO orders VALUES (325,1291,'2015-05-06 01:44:14',1055,32,18,1105,5264.45,239.68,146.16,5650.29);
INSERT INTO orders VALUES (326,1291,'2015-06-04 15:20:07',293,70,29,392,1462.07,524.3,235.48,2221.85);
INSERT INTO orders VALUES (327,1291,'2015-07-04 19:08:36',303,20,36,359,1511.97,149.8,292.32,1954.09);
INSERT INTO orders VALUES (328,1291,'2015-08-03 08:35:23',0,19,21,40,0,142.31,170.52,312.83);
INSERT INTO orders VALUES (329,1291,'2015-09-01 16:40:39',220,6,104,330,1097.8,44.94,844.48,1987.22);
INSERT INTO orders VALUES (330,1291,'2015-10-01 07:40:48',311,28,0,339,1551.89,209.72,0,1761.61);
INSERT INTO orders VALUES (331,1291,'2015-10-30 03:01:06',304,58,0,362,1516.96,434.42,0,1951.38);
INSERT INTO orders VALUES (332,1291,'2015-11-28 17:10:48',294,18,29,341,1467.06,134.82,235.48,1837.36);
INSERT INTO orders VALUES (333,1291,'2015-12-27 05:37:08',286,28,14,328,1427.14,209.72,113.68,1750.54);
INSERT INTO orders VALUES (334,1291,'2016-01-26 18:37:25',324,41,32,397,1616.76,307.09,259.84,2183.69);
INSERT INTO orders VALUES (335,1291,'2016-02-25 09:34:56',301,42,26,369,1501.99,314.58,211.12,2027.69);
INSERT INTO orders VALUES (336,1291,'2016-03-25 09:25:51',296,100,11,407,1477.04,749,89.32,2315.36);
INSERT INTO orders VALUES (337,1291,'2016-04-23 16:08:40',294,1,14,309,1467.06,7.49,113.68,1588.23);
INSERT INTO orders VALUES (338,1291,'2016-05-22 21:04:25',180,23,0,203,898.2,172.27,0,1070.47);
INSERT INTO orders VALUES (339,1291,'2016-06-20 02:46:58',321,27,15,363,1601.79,202.23,121.8,1925.82);
INSERT INTO orders VALUES (340,1291,'2016-07-19 05:20:11',297,21,6,324,1482.03,157.29,48.72,1688.04);
INSERT INTO orders VALUES (341,1291,'2016-08-18 08:06:24',302,62,8,372,1506.98,464.38,64.96,2036.32);
INSERT INTO orders VALUES (342,1291,'2016-09-17 11:33:53',291,14,28,333,1452.09,104.86,227.36,1784.31);
INSERT INTO orders VALUES (343,1291,'2016-10-17 08:46:25',295,27,28,350,1472.05,202.23,227.36,1901.64);
INSERT INTO orders VALUES (344,1291,'2016-11-16 19:32:02',305,40,7,352,1521.95,299.6,56.84,1878.39);
INSERT INTO orders VALUES (345,1291,'2016-12-15 09:24:19',284,25,64,373,1417.16,187.25,519.68,2124.09);
INSERT INTO orders VALUES (346,1301,'2013-12-08 07:05:07',85,89,32,206,424.15,666.61,259.84,1350.6);
INSERT INTO orders VALUES (347,1301,'2014-01-07 01:37:17',198,40,3,241,988.02,299.6,24.36,1311.98);
INSERT INTO orders VALUES (348,1301,'2014-02-05 14:07:38',188,33,33,254,938.12,247.17,267.96,1453.25);
INSERT INTO orders VALUES (349,1301,'2014-03-06 13:40:13',111,25,29,165,553.89,187.25,235.48,976.62);
INSERT INTO orders VALUES (350,1301,'2014-04-05 06:47:38',102,25,30,157,508.98,187.25,243.6,939.83);
INSERT INTO orders VALUES (351,1301,'2014-05-04 11:56:46',93,36,34,163,464.07,269.64,276.08,1009.79);
INSERT INTO orders VALUES (352,1301,'2014-06-02 06:03:36',145,42,4,191,723.55,314.58,32.48,1070.61);
INSERT INTO orders VALUES (353,1301,'2014-07-01 10:22:50',80,21,34,135,399.2,157.29,276.08,832.57);
INSERT INTO orders VALUES (354,1301,'2014-07-31 13:34:57',128,49,31,208,638.72,367.01,251.72,1257.45);
INSERT INTO orders VALUES (355,1301,'2014-08-30 04:53:20',0,119,6,125,0,891.31,48.72,940.03);
INSERT INTO orders VALUES (356,1301,'2014-09-29 06:52:17',100,22,56,178,499,164.78,454.72,1118.5);
INSERT INTO orders VALUES (357,1301,'2014-10-28 03:13:49',121,0,37,158,603.79,0,300.44,904.23);
INSERT INTO orders VALUES (358,1301,'2014-12-26 02:39:41',91,31,42,164,454.09,232.19,341.04,1027.32);
INSERT INTO orders VALUES (359,1301,'2015-01-24 06:09:29',95,61,39,195,474.05,456.89,316.68,1247.62);
INSERT INTO orders VALUES (360,1301,'2015-02-22 08:25:40',84,26,23,133,419.16,194.74,186.76,800.66);
INSERT INTO orders VALUES (361,1301,'2015-03-23 01:15:50',119,35,21,175,593.81,262.15,170.52,1026.48);
INSERT INTO orders VALUES (362,1301,'2015-04-21 21:43:17',106,23,11380,11509,528.94,172.27,92405.6,93106.81);
INSERT INTO orders VALUES (363,1301,'2015-05-21 10:39:12',117,38,0,155,583.83,284.62,0,868.45);
INSERT INTO orders VALUES (364,1301,'2015-06-20 05:49:05',71,25,15,111,354.29,187.25,121.8,663.34);
INSERT INTO orders VALUES (365,1301,'2015-07-20 13:52:39',98,64,37,199,489.02,479.36,300.44,1268.82);
INSERT INTO orders VALUES (366,1301,'2015-08-19 00:27:36',148,35,32,215,738.52,262.15,259.84,1260.51);
INSERT INTO orders VALUES (367,1301,'2015-09-17 13:49:20',99,21,13,133,494.01,157.29,105.56,756.86);
INSERT INTO orders VALUES (368,1301,'2015-10-16 21:23:43',101,27,15,143,503.99,202.23,121.8,828.02);
INSERT INTO orders VALUES (369,1301,'2015-11-14 06:15:54',62,2,63,127,309.38,14.98,511.56,835.92);
INSERT INTO orders VALUES (370,1301,'2016-01-11 21:15:53',82,62,35,179,409.18,464.38,284.2,1157.76);
INSERT INTO orders VALUES (371,1301,'2016-02-09 09:32:05',84,18,0,102,419.16,134.82,0,553.98);
INSERT INTO orders VALUES (372,1301,'2016-03-10 23:02:11',112,0,14,126,558.88,0,113.68,672.56);
INSERT INTO orders VALUES (373,1301,'2016-04-08 01:13:05',126,27,41,194,628.74,202.23,332.92,1163.89);
INSERT INTO orders VALUES (374,1301,'2016-05-07 23:29:57',94,17,24,135,469.06,127.33,194.88,791.27);
INSERT INTO orders VALUES (375,1301,'2016-06-05 13:23:42',52,46,14,112,259.48,344.54,113.68,717.7);
INSERT INTO orders VALUES (376,1301,'2016-07-04 20:52:10',102,38,11,151,508.98,284.62,89.32,882.92);
INSERT INTO orders VALUES (377,1301,'2016-08-02 06:18:34',94,14,32,140,469.06,104.86,259.84,833.76);
INSERT INTO orders VALUES (378,1301,'2016-09-01 00:12:05',125,51,22,198,623.75,381.99,178.64,1184.38);
INSERT INTO orders VALUES (379,1301,'2016-10-02 00:11:33',88,63,27,178,439.12,471.87,219.24,1130.23);
INSERT INTO orders VALUES (380,1301,'2016-10-31 04:52:36',104,0,32,136,518.96,0,259.84,778.8);
INSERT INTO orders VALUES (381,1301,'2016-11-29 21:01:59',127,25,116,268,633.73,187.25,941.92,1762.9);
INSERT INTO orders VALUES (382,1301,'2016-12-29 01:40:19',89,26,32,147,444.11,194.74,259.84,898.69);
INSERT INTO orders VALUES (383,1311,'2016-07-07 14:02:50',299,0,6,305,1492.01,0,48.72,1540.73);
INSERT INTO orders VALUES (384,1311,'2016-08-06 23:24:02',354,78,4,436,1766.46,584.22,32.48,2383.16);
INSERT INTO orders VALUES (385,1311,'2016-09-05 21:50:10',0,35,44,79,0,262.15,357.28,619.43);
INSERT INTO orders VALUES (386,1311,'2016-10-04 14:28:31',288,19,16,323,1437.12,142.31,129.92,1709.35);
INSERT INTO orders VALUES (387,1311,'2016-11-03 22:55:42',226,52,31,309,1127.74,389.48,251.72,1768.94);
INSERT INTO orders VALUES (388,1311,'2016-12-02 22:47:08',294,34,36,364,1467.06,254.66,292.32,2014.04);
INSERT INTO orders VALUES (389,1311,'2017-01-01 05:23:52',281,31,27,339,1402.19,232.19,219.24,1853.62);
INSERT INTO orders VALUES (390,1321,'2015-12-15 20:55:46',495,19,0,514,2470.05,142.31,0,2612.36);
INSERT INTO orders VALUES (391,1321,'2016-01-13 13:22:10',480,15,0,495,2395.2,112.35,0,2507.55);
INSERT INTO orders VALUES (392,1321,'2016-02-12 02:48:55',487,16,11,514,2430.13,119.84,89.32,2639.29);
INSERT INTO orders VALUES (393,1321,'2016-03-12 05:24:14',516,0,6,522,2574.84,0,48.72,2623.56);
INSERT INTO orders VALUES (394,1321,'2016-04-10 10:45:57',503,29,10,542,2509.97,217.21,81.2,2808.38);
INSERT INTO orders VALUES (395,1321,'2016-05-10 07:50:58',497,7,22,526,2480.03,52.43,178.64,2711.1);
INSERT INTO orders VALUES (396,1321,'2016-06-09 08:07:37',494,0,7,501,2465.06,0,56.84,2521.9);
INSERT INTO orders VALUES (397,1321,'2016-07-08 00:36:43',470,14,2,486,2345.3,104.86,16.24,2466.4);
INSERT INTO orders VALUES (398,1321,'2016-08-07 10:28:22',512,30,0,542,2554.88,224.7,0,2779.58);
INSERT INTO orders VALUES (399,1321,'2016-09-05 09:19:09',491,0,0,491,2450.09,0,0,2450.09);
INSERT INTO orders VALUES (400,1321,'2016-10-05 04:56:24',1113,7,29,1149,5553.87,52.43,235.48,5841.78);
INSERT INTO orders VALUES (401,1321,'2016-11-03 03:10:18',502,17,11,530,2504.98,127.33,89.32,2721.63);
INSERT INTO orders VALUES (402,1321,'2016-12-03 13:23:52',502,0,0,502,2504.98,0,0,2504.98);
INSERT INTO orders VALUES (403,1321,'2017-01-01 09:38:53',513,6,9,528,2559.87,44.94,73.08,2677.89);
INSERT INTO orders VALUES (404,1331,'2016-08-18 11:21:17',91,0,29,120,454.09,0,235.48,689.57);
INSERT INTO orders VALUES (405,1331,'2016-09-16 08:09:17',86,33,15,134,429.14,247.17,121.8,798.11);
INSERT INTO orders VALUES (406,1331,'2016-10-15 02:44:01',105,7,60,172,523.95,52.43,487.2,1063.58);
INSERT INTO orders VALUES (407,1331,'2016-11-14 14:02:47',210,8,20,238,1047.9,59.92,162.4,1270.22);
INSERT INTO orders VALUES (408,1331,'2016-12-13 20:59:34',103,30,30,163,513.97,224.7,243.6,982.27);
INSERT INTO orders VALUES (409,1341,'2016-08-28 11:35:37',26,30,25,81,129.74,224.7,203,557.44);
INSERT INTO orders VALUES (410,1341,'2016-09-26 22:33:41',299,21,5,325,1492.01,157.29,40.6,1689.9);
INSERT INTO orders VALUES (411,1341,'2016-10-26 00:36:32',268,39,92,399,1337.32,292.11,747.04,2376.47);
INSERT INTO orders VALUES (6907,4491,'2015-02-22 07:24:04',0,499,319,818,0,3737.51,2590.28,6327.79);
INSERT INTO orders VALUES (6908,4501,'2016-06-29 04:03:39',11,199,59,269,54.89,1490.51,479.08,2024.48);
INSERT INTO orders VALUES (6909,4501,'2016-07-29 19:58:32',5,91,96,192,24.95,681.59,779.52,1486.06);
INSERT INTO orders VALUES (6910,4501,'2016-08-27 00:58:11',16,94,82,192,79.84,704.06,665.84,1449.74);
INSERT INTO orders VALUES (6911,4501,'2016-11-22 06:52:22',63,67,81,211,314.37,501.83,657.72,1473.92);
INSERT INTO orders VALUES (6912,4501,'2016-12-21 13:30:42',61,150,52,263,304.39,1123.5,422.24,1850.13);

CREATE TABLE accounts (
	id integer,
	name varchar(50),
	website varchar(100),
	lat numeric(11,8),
	lon numeric(11,8),
	primary_poc varchar(50),
	sales_rep_id integer
);
INSERT INTO accounts VALUES (1001,'Walmart','www.walmart.com',40.23849561,-75.10329704,'Tamara Tuma',321500);
INSERT INTO accounts VALUES (1011,'Exxon Mobil','www.exxonmobil.com',41.1691563,-73.84937379,'Sung Shields',321510);
INSERT INTO accounts VALUES (1021,'Apple','www.apple.com',42.29049481,-76.08400942,'Jodee Lupo',321520);
INSERT INTO accounts VALUES (1031,'Berkshire Hathaway','www.berkshirehathaway.com',40.94902131,-75.76389759,'Serafina Banda',321530);
INSERT INTO accounts VALUES (1041,'McKesson','www.mckesson.com',42.21709326,-75.28499823,'Angeles Crusoe',321540);
INSERT INTO accounts VALUES (1051,'UnitedHealth Group','www.unitedhealthgroup.com',40.08792542,-75.57569396,'Savanna Gayman',321550);
INSERT INTO accounts VALUES (1061,'CVS Health','www.cvshealth.com',41.46779585,-73.76763638,'Anabel Haskell',321560);
INSERT INTO accounts VALUES (1071,'General Motors','www.gm.com',40.80551762,-76.7101814,'Barrie Omeara',321570);
INSERT INTO accounts VALUES (1081,'Ford Motor','www.ford.com',41.113942,-75.85422452,'Kym Hagerman',321580);
INSERT INTO accounts VALUES (1091,'AT&T','www.att.com',42.4974627,-74.90271225,'Jamel Mosqueda',321590);
INSERT INTO accounts VALUES (1101,'General Electric','www.ge.com',41.1697121,-77.29713174,'Parker Hoggan',321600);
INSERT INTO accounts VALUES (1111,'AmerisourceBergen','www.amerisourcebergen.com',41.91146908,-74.4762077,'Tuan Trainer',321610);
INSERT INTO accounts VALUES (1121,'Verizon','www.verizon.com',41.3414106,-75.77193559,'Chantell Drescher',321620);
INSERT INTO accounts VALUES (1131,'Chevron','www.chevron.com',42.6119413,-76.36123105,'Paige Bartos',321630);
INSERT INTO accounts VALUES (1141,'Costco','www.costco.com',42.26304566,-74.80916921,'Dominique Favela',321640);
INSERT INTO accounts VALUES (1151,'Fannie Mae','www.fanniemae.com',41.40919044,-73.95770097,'Terrilyn Kesler',321650);
INSERT INTO accounts VALUES (1161,'Kroger','www.thekrogerco.com',42.57610194,-76.35945488,'Nannie Brinkman',321660);
INSERT INTO accounts VALUES (1171,'Amazon.com','www.amazon.com',42.03552936,-77.08453787,'Buffy Azure',321670);
INSERT INTO accounts VALUES (1181,'Walgreens Boots Alliance','www.walgreensbootsalliance.com',41.76033082,-75.76168171,'Esta Engelhardt',321680);
INSERT INTO accounts VALUES (1191,'HP','www.hp.com',41.01091302,-74.38047472,'Khadijah Riemann',321690);
INSERT INTO accounts VALUES (1201,'Cardinal Health','www.cardinal.com',41.31906537,-77.52512192,'Deanne Hertlein',321700);
INSERT INTO accounts VALUES (1211,'Express Scripts Holding','www.express-scripts.com',41.47633009,-76.07993254,'Jewell Likes',321500);
INSERT INTO accounts VALUES (1221,'J.P. Morgan Chase','www.jpmorganchase.com',40.39050914,-74.35128299,'Florentino Madrigal',321510);
INSERT INTO accounts VALUES (1231,'Boeing','www.boeing.com',40.23107071,-76.51519085,'Melva Lyall',321520);
INSERT INTO accounts VALUES (1241,'Microsoft','www.microsoft.com',41.80083073,-74.01331115,'Dennise Hungate',321530);
INSERT INTO accounts VALUES (1251,'Bank of America Corp.','www.bankofamerica.com',41.58226327,-74.03976515,'Janise Voth',321540);
INSERT INTO accounts VALUES (1261,'Wells Fargo','www.wellsfargo.com',42.29559131,-76.35302092,'Lakenya Volker',321550);
INSERT INTO accounts VALUES (1271,'Home Depot','www.homedepot.com',41.38089123,-75.49637851,'Alexandria Zielke',321560);
INSERT INTO accounts VALUES (1281,'Citigroup','www.citigroup.com',40.85305429,-76.49044823,'Bea Sera',321570);
INSERT INTO accounts VALUES (1291,'Phillips 66','www.phillips66.com',42.63789896,-76.16215145,'Maria Garibay',321580);
INSERT INTO accounts VALUES (1301,'IBM','www.ibm.com',40.74381454,-76.80764423,'Denis Gros',321590);
INSERT INTO accounts VALUES (1311,'Valero Energy','www.valero.com',41.73014984,-76.37600422,'Taylor Capone',321600);
INSERT INTO accounts VALUES (1321,'Anthem','www.antheminc.com',41.1538988,-74.98958069,'Hanh Oram',321610);
INSERT INTO accounts VALUES (1331,'Procter & Gamble','www.pg.com',41.33403574,-74.18997513,'Cordia Winters',321620);
INSERT INTO accounts VALUES (1341,'State Farm Insurance Cos.','www.statefarm.com',42.22108577,-74.70364263,'Dionne Hensel',321630);
INSERT INTO accounts VALUES (1351,'Alphabet','www.google.com',40.20427811,-75.07724145,'Pamula Hammel',321640);
INSERT INTO accounts VALUES (1361,'Comcast','www.comcastcorporation.com',42.54154764,-76.24992387,'Shana Sanborn',321650);
INSERT INTO accounts VALUES (1371,'Target','www.target.com',40.76381281,-76.13369753,'Luba Streett',321660);
INSERT INTO accounts VALUES (1381,'Johnson & Johnson','www.jnj.com',40.6266526,-75.1543044,'Genevieve Fenton',321670);
INSERT INTO accounts VALUES (1391,'MetLife','www.metlife.com',41.15717866,-77.29437183,'Faustino Henshaw',321680);
INSERT INTO accounts VALUES (1401,'Archer Daniels Midland','www.adm.com',41.92373676,-75.99411481,'Fay Rogowski',321690);
INSERT INTO accounts VALUES (1411,'Marathon Petroleum','www.marathonpetroleum.com',41.43222569,-75.07374417,'Emmitt Mcnab',321700);
INSERT INTO accounts VALUES (1421,'Freddie Mac','www.freddiemac.com',42.77051343,-75.18810094,'Elayne Grunewald',321500);
INSERT INTO accounts VALUES (1431,'PepsiCo','www.pepsico.com',40.85630041,-75.72230334,'Cathleen Delamater',321510);
INSERT INTO accounts VALUES (1441,'United Technologies','www.utc.com',42.329397,-75.15785469,'Janett Wisecarver',321520);
INSERT INTO accounts VALUES (1451,'Aetna','www.aetna.com',40.66127584,-76.85110769,'Noah Melugin',321530);
INSERT INTO accounts VALUES (1461,'Lowe''s','www.lowes.com',42.02305207,-74.82210597,'Roselee Pardini',321540);
INSERT INTO accounts VALUES (1471,'UPS','www.ups.com',41.87883813,-73.84930041,'Cedrick Weiss',321550);
INSERT INTO accounts VALUES (1481,'AIG','www.aig.com',42.51281169,-76.84077808,'Aja Sandusky',321560);
INSERT INTO accounts VALUES (1491,'Prudential Financial','www.prudential.com',41.60234569,-75.21696273,'Lyda Lamarr',321570);
INSERT INTO accounts VALUES (1501,'Intel','www.intel.com',41.03153857,-74.66846407,'Elouise Beyers',321580);
INSERT INTO accounts VALUES (1511,'Humana','www.humana.com',41.43233665,-77.00496342,'Bettye Close',321590);
INSERT INTO accounts VALUES (1521,'Disney','www.disney.com',41.87879976,-74.81102607,'Timika Mistretta',321600);
INSERT INTO accounts VALUES (1531,'Cisco Systems','www.cisco.com',41.20101093,-76.53824668,'Deadra Waggener',321610);
INSERT INTO accounts VALUES (1541,'Pfizer','www.pfizer.com',40.69325986,-75.79453197,'Olevia Taubman',321620);
INSERT INTO accounts VALUES (1551,'Dow Chemical','www.dow.com',40.53050671,-74.66656358,'Lillia Ogden',321630);
INSERT INTO accounts VALUES (1561,'Sysco','www.sysco.com',40.76252413,-73.97753022,'Julia Laracuente',321640);
INSERT INTO accounts VALUES (1571,'FedEx','www.fedex.com',40.75290524,-73.97519248,'Keren Mcconn',321650);
INSERT INTO accounts VALUES (1581,'Caterpillar','www.caterpillar.com',40.74789383,-73.97738651,'Latia Beene',321660);
INSERT INTO accounts VALUES (1591,'Lockheed Martin','www.lockheedmartin.com',40.75497089,-73.98233134,'Jared Aikins',321670);
INSERT INTO accounts VALUES (1601,'New York Life Insurance','www.newyorklife.com',40.77072257,-73.9840303,'Arlyne Mauzy',321680);
INSERT INTO accounts VALUES (1611,'Coca-Cola','www.coca-colacompany.com',40.76216116,-73.9802105,'Tisha Coletti',321690);
INSERT INTO accounts VALUES (1621,'HCA Holdings','www.hcahealthcare.com',40.76981958,-73.98813714,'Hubert Blanch',321700);
INSERT INTO accounts VALUES (1631,'Ingram Micro','www.ingrammicro.com',40.76945841,-73.98081794,'Chanelle Keach',321500);
INSERT INTO accounts VALUES (1641,'Energy Transfer Equity','www.energytransfer.com',40.75633906,-73.99627258,'Wynell Lepore',321510);
INSERT INTO accounts VALUES (1651,'Tyson Foods','www.tysonfoods.com',40.75518241,-73.98323704,'Ardelle Khoury',321520);
INSERT INTO accounts VALUES (1661,'American Airlines Group','www.aa.com',40.771585,-73.9819547,'Sasha Haughey',321500);
INSERT INTO accounts VALUES (1671,'Delta Air Lines','www.delta.com',40.75860903,-73.99067048,'Enola Thoms',321510);
INSERT INTO accounts VALUES (1681,'Nationwide','www.nationwide.com',40.77080408,-73.97765036,'Henriette Dawes',321520);
INSERT INTO accounts VALUES (1691,'Johnson Controls','www.johnsoncontrols.com',40.76346837,-73.97890353,'Cammy Sosnowski',321500);
INSERT INTO accounts VALUES (1701,'Best Buy','www.bestbuy.com',40.75969212,-73.97630101,'Laurette Sakai',321510);
INSERT INTO accounts VALUES (1711,'Merck','www.merck.com',40.76536333,-73.97318125,'Willodean Steinberger',321520);
INSERT INTO accounts VALUES (1721,'Liberty Mutual Insurance Group','www.libertymutual.com',40.74823604,-73.97899541,'Maranda Papas',321680);
INSERT INTO accounts VALUES (1731,'Goldman Sachs Group','www.gs.com',40.75744399,-73.96730918,'Loris Manfredi',321690);
INSERT INTO accounts VALUES (1741,'Honeywell International','www.honeywell.com',40.75117046,-73.98191857,'Jeanne Harty',321700);
INSERT INTO accounts VALUES (1751,'Massachusetts Mutual Life Insurance','www.massmutual.com',40.76359786,-73.98798615,'Cassey Hewey',321680);
INSERT INTO accounts VALUES (1761,'Oracle','www.oracle.com',40.76649223,-73.98860609,'Antonia Parkhurst',321690);
INSERT INTO accounts VALUES (1771,'Morgan Stanley','www.morganstanley.com',40.76035058,-73.98234372,'Elvia Snipes',321700);
INSERT INTO accounts VALUES (1781,'Cigna','www.cigna.com',40.75566271,-73.97723308,'Kandi Mailloux',321630);
INSERT INTO accounts VALUES (1791,'United Continental Holdings','www.unitedcontinentalholdings.com',40.75034782,-73.9777814,'Diedra Crossman',321640);
INSERT INTO accounts VALUES (1801,'Allstate','www.allstate.com',40.75827945,-73.98136016,'Latesha Garcia',321630);
INSERT INTO accounts VALUES (1811,'TIAA','www.tiaa.org',42.3595683,-71.05133234,'Deeanna Burpo',321640);
INSERT INTO accounts VALUES (1821,'INTL FCStone','www.intlfcstone.com',42.35998456,-71.06380494,'Ericka Hamid',321630);
INSERT INTO accounts VALUES (1831,'CHS','www.chsinc.com',42.36335095,-71.06592737,'Sheilah Truss',321640);
INSERT INTO accounts VALUES (1841,'American Express','www.americanexpress.com',42.35739849,-71.06018574,'Horacio Weidman',321630);
INSERT INTO accounts VALUES (1851,'Gilead Sciences','www.gilead.com',42.35445028,-71.05788145,'Nickie Moulden',321640);
INSERT INTO accounts VALUES (1861,'Publix Super Markets','www.publix.com',42.35850315,-71.05281548,'Cherri Sienkiewicz',321630);
INSERT INTO accounts VALUES (1871,'General Dynamics','www.generaldynamics.com',42.35930205,-71.05137356,'Erin Viverette',321640);
INSERT INTO accounts VALUES (1881,'TJX','www.tjx.com',42.36202717,-71.06394369,'Sheryl Diamond',321580);
INSERT INTO accounts VALUES (1891,'ConocoPhillips','www.conocophillips.com',42.35647074,-71.05656643,'Lisa Rayborn',321590);
INSERT INTO accounts VALUES (1901,'Nike','www.nike.com',42.35672264,-71.05401481,'Adam Ptacek',321580);
INSERT INTO accounts VALUES (1911,'World Fuel Services','www.wfscorp.com',42.3646094,-71.06350665,'Kasandra Correa',321590);
INSERT INTO accounts VALUES (1921,'3M','www.3m.com',42.35869695,-71.05271055,'Orville Leavell',321580);
INSERT INTO accounts VALUES (1931,'Mondelez International','www.mondelezinternational.com',42.35493079,-71.05615465,'Vanetta Lerch',321590);
INSERT INTO accounts VALUES (1941,'Exelon','www.exeloncorp.com',42.35515794,-71.05362272,'Leana Godines',321560);
INSERT INTO accounts VALUES (1951,'Twenty-First Century Fox','www.21cf.com',42.35467661,-71.05476697,'Nichelle Singley',321560);
INSERT INTO accounts VALUES (1961,'Deere','www.johndeere.com',42.36409081,-71.05689009,'Aura Walz',321560);
INSERT INTO accounts VALUES (1971,'Tesoro','www.tsocorp.com',42.36061671,-71.05311005,'Mammie Koff',321520);
INSERT INTO accounts VALUES (1981,'Time Warner','www.timewarner.com',42.35976799,-71.05667622,'Lakeisha Kridler',321530);
INSERT INTO accounts VALUES (1991,'Northwestern Mutual','www.northwesternmutual.com',42.36339484,-71.05213074,'Cori Byerley',321540);
INSERT INTO accounts VALUES (2001,'DuPont','www.dupont.com',42.36081182,-71.05736279,'Lucile Pasek',321550);
INSERT INTO accounts VALUES (2011,'Avnet','www.avnet.com',42.35802827,-71.05371851,'Tamica Laborde',321680);
INSERT INTO accounts VALUES (2021,'Macy''s','www.macysinc.com',42.3587363,-71.05155415,'Teresita Ashalintubbi',321690);
INSERT INTO accounts VALUES (2031,'Enterprise Products Partners','www.enterpriseproducts.com',42.355919,-71.06244313,'Marina Catoe',321700);
INSERT INTO accounts VALUES (2041,'Travelers Cos.','www.travelers.com',42.35528695,-71.06314392,'Vernie Pound',321680);
INSERT INTO accounts VALUES (2051,'Philip Morris International','www.pmi.com',42.35788906,-71.06260265,'Angla Ingrassia',321690);
INSERT INTO accounts VALUES (2061,'Rite Aid','www.riteaid.com',41.87992583,-87.628038,'Celsa Hamsher',321710);
INSERT INTO accounts VALUES (2071,'Tech Data','www.techdata.com',41.87943146,-87.63242886,'Brendan Anzalone',321720);
INSERT INTO accounts VALUES (2081,'McDonald''s','www.aboutmcdonalds.com',41.87849555,-87.63388882,'Alisa Rega',321730);
INSERT INTO accounts VALUES (2091,'Qualcomm','www.qualcomm.com',41.87949626,-87.6331913,'Torri Northrop',321740);
INSERT INTO accounts VALUES (2101,'Sears Holdings','www.searsholdings.com',41.87718869,-87.63438258,'Hsiu Benedetti',321750);
INSERT INTO accounts VALUES (2111,'Capital One Financial','www.capitalone.com',41.87811613,-87.63264013,'Debby Myers',321760);
INSERT INTO accounts VALUES (2121,'EMC','www.emc.com',41.87988108,-87.63073505,'Maurice Matsuda',321770);
INSERT INTO accounts VALUES (2131,'USAA','www.usaa.com',41.87745439,-87.62793161,'Lessie Quijada',321780);
INSERT INTO accounts VALUES (2141,'Duke Energy','www.duke-energy.com',41.87750558,-87.62754203,'Newton Belmonte',321790);
INSERT INTO accounts VALUES (2151,'Time Warner Cable','www.twc.com',41.87655888,-87.63267458,'Jeannetta Fowkes',321710);
INSERT INTO accounts VALUES (2161,'Halliburton','www.halliburton.com',41.87700843,-87.63372951,'Domonique Pillow',321720);
INSERT INTO accounts VALUES (2171,'Northrop Grumman','www.northropgrumman.com',41.87853098,-87.63085256,'Nannette Costa',321730);
INSERT INTO accounts VALUES (2181,'Arrow Electronics','www.arrow.com',41.87858356,-87.62737294,'Craig Mcalpine',321740);
INSERT INTO accounts VALUES (2191,'Raytheon','www.raytheon.com',41.87794707,-87.62867818,'Yun Kleeman',321750);
INSERT INTO accounts VALUES (2201,'Plains GP Holdings','www.plainsallamerican.com',41.87725114,-87.62856309,'Ethan Penaloza',321760);
INSERT INTO accounts VALUES (2211,'US Foods Holding','www.usfoods.com',41.88134444,-87.6315683,'Porter Shrout',321770);
INSERT INTO accounts VALUES (2221,'AbbVie','www.abbvie.com',41.8762574,-87.63356311,'Agnus Jenkin',321780);
INSERT INTO accounts VALUES (2231,'Centene','www.centene.com',41.87744125,-87.62568362,'Shanika Mariani',321790);
INSERT INTO accounts VALUES (2241,'Community Health Systems','www.chs.net',41.87567906,-87.63221831,'Grazyna Dewald',321710);
INSERT INTO accounts VALUES (2251,'Alcoa','www.alcoa.com',41.88067456,-87.62823865,'Minna Dehner',321720);
INSERT INTO accounts VALUES (2261,'International Paper','www.internationalpaper.com',41.87694903,-87.63249779,'Nicolasa Housel',321730);
INSERT INTO accounts VALUES (2271,'Emerson Electric','www.emerson.com',41.87834691,-87.63143513,'Jere Storey',321740);
INSERT INTO accounts VALUES (2281,'Union Pacific','www.up.com',41.87521579,-87.62792085,'Genesis Schroer',321750);
INSERT INTO accounts VALUES (2291,'Amgen','www.amgen.com',41.88014789,-87.62911069,'Nigel Mincks',321760);
INSERT INTO accounts VALUES (2301,'U.S. Bancorp','www.usbank.com',41.88043219,-87.63253831,'Roberto Calender',321710);
INSERT INTO accounts VALUES (2311,'Staples','www.staples.com',41.88072746,-87.63152959,'Mallory Gosselin',321720);
INSERT INTO accounts VALUES (2321,'Danaher','www.danaher.com',41.87539874,-87.62825601,'Tressie Halcomb',321730);
INSERT INTO accounts VALUES (2331,'Whirlpool','www.whirlpoolcorp.com',41.87816436,-87.63070543,'Isreal Shreffler',321740);
INSERT INTO accounts VALUES (2341,'Aflac','www.aflac.com',41.59420947,-93.77653866,'Kellee Suniga',321750);
INSERT INTO accounts VALUES (2351,'AutoNation','www.autonation.com',38.59167276,-93.56878578,'Jay Gauger',321760);
INSERT INTO accounts VALUES (2361,'Progressive','www.progressive.com',40.58606233,-99.03270865,'Catrice Klingbeil',321710);
INSERT INTO accounts VALUES (2371,'Abbott Laboratories','www.abbott.com',42.34766317,-99.04391886,'Seymour Olmedo',321720);
INSERT INTO accounts VALUES (2381,'Dollar General','www.dollargeneral.com',39.39339629,-94.65783313,'Janyce Quarles',321730);
INSERT INTO accounts VALUES (2391,'Tenet Healthcare','www.tenethealth.com',43.47094982,-93.66844726,'Eufemia Spady',321740);
INSERT INTO accounts VALUES (2401,'Eli Lilly','www.lilly.com',39.02362217,-99.73474524,'Dee Daulton',321750);
INSERT INTO accounts VALUES (2411,'Southwest Airlines','www.southwest.com',39.3452361,-97.77547794,'Idalia Agosta',321760);
INSERT INTO accounts VALUES (2421,'Penske Automotive Group','www.penskeautomotive.com',39.63068733,-94.51558071,'Gregorio Schank',321770);
INSERT INTO accounts VALUES (2431,'ManpowerGroup','www.manpowergroup.com',41.21806796,-95.91487186,'Vivien Gavin',321780);
INSERT INTO accounts VALUES (2441,'Kohl''s','www.kohlscorporation.com',38.79562182,-94.92705558,'Rico Rison',321790);
INSERT INTO accounts VALUES (2451,'Starbucks','www.starbucks.com',40.88161357,-98.3522873,'David Trousdale',321740);
INSERT INTO accounts VALUES (2461,'Paccar','www.paccar.com',42.93003532,-93.66637836,'Love Quirion',321750);
INSERT INTO accounts VALUES (2471,'Cummins','www.cummins.com',40.42480254,-94.07990516,'Lavonda Geier',321760);
INSERT INTO accounts VALUES (2481,'Altria Group','www.altria.com',43.388996,-99.76425869,'Juliet Nugent',321740);
INSERT INTO accounts VALUES (2491,'Xerox','www.xerox.com',39.35788429,-99.13150995,'Ivory Crockett',321750);
INSERT INTO accounts VALUES (2501,'Kimberly-Clark','www.kimberly-clark.com',40.54888399,-99.44876396,'Garfield Levenson',321760);
INSERT INTO accounts VALUES (2511,'Hartford Financial Services Group','www.thehartford.com',39.84701872,-100.63475111,'Yukiko Nails',321760);
INSERT INTO accounts VALUES (2521,'Kraft Heinz','www.kraftheinzcompany.com',38.25083021,-97.99571996,'Willard Crenshaw',321770);
INSERT INTO accounts VALUES (2531,'Lear','www.lear.com',42.02905909,-96.1971797,'Bernadine Stahly',321780);
INSERT INTO accounts VALUES (2541,'Fluor','www.fluor.com',33.70114178,-84.38702725,'Chas Nagler',321800);
INSERT INTO accounts VALUES (2551,'AECOM','www.aecom.com',33.82163616,-84.4551948,'Della Arceo',321810);
INSERT INTO accounts VALUES (2561,'Facebook','www.facebook.com',33.82261043,-84.38166098,'Jesus Philippi',321820);
INSERT INTO accounts VALUES (2571,'Jabil Circuit','www.jabil.com',33.77185316,-84.44605697,'Claudette Katzman',321830);
INSERT INTO accounts VALUES (2581,'CenturyLink','www.centurylink.com',33.68718458,-84.3989112,'Christoper Mcghie',321840);
INSERT INTO accounts VALUES (2591,'Supervalu','www.supervalu.com',33.78951934,-84.43800424,'Kristopher Moton',321850);
INSERT INTO accounts VALUES (2601,'General Mills','www.generalmills.com',33.68480911,-84.31996489,'Natasha Kopczynski',321860);
INSERT INTO accounts VALUES (2611,'Southern','www.southerncompany.com',33.79734976,-84.48783333,'Reagan Derouen',321870);
INSERT INTO accounts VALUES (2621,'NextEra Energy','www.nexteraenergy.com',33.69339646,-84.45496051,'Jule Alberti',321880);
INSERT INTO accounts VALUES (2631,'Thermo Fisher Scientific','www.thermofisher.com',33.79690929,-84.3642967,'Venessa Moreles',321890);
INSERT INTO accounts VALUES (2641,'American Electric Power','www.aep.com',33.81529212,-84.27792341,'Vi Skeeter',321800);
INSERT INTO accounts VALUES (2651,'PG&E Corp.','www.pge.com',33.81262481,-84.3145316,'Whitney Koga',321810);
INSERT INTO accounts VALUES (2661,'NGL Energy Partners','www.nglenergypartners.com',33.70726407,-84.27442267,'Staci Alegria',321820);
INSERT INTO accounts VALUES (2671,'Bristol-Myers Squibb','www.bms.com',33.75912901,-84.331108,'Alejandro Taunton',321830);
INSERT INTO accounts VALUES (2681,'Goodyear Tire & Rubber','www.goodyear.com',33.74138501,-84.51340635,'Jodee Indelicato',321840);
INSERT INTO accounts VALUES (2691,'Nucor','www.nucor.com',33.75863585,-84.47506719,'Maryalice Giltner',321850);
INSERT INTO accounts VALUES (2701,'PNC Financial Services Group','www.pnc.com',33.81070262,-84.48885411,'Lashaun Lightfoot',321860);
INSERT INTO accounts VALUES (2711,'Health Net','www.healthnet.com',33.77011904,-84.25682753,'Sabra Bellis',321870);
INSERT INTO accounts VALUES (2721,'Micron Technology','www.micron.com',33.7640395,-84.32761056,'Kimiko Brasfield',321880);
INSERT INTO accounts VALUES (2731,'Colgate-Palmolive','www.colgatepalmolive.com',33.76036803,-84.37000048,'Barton Hyatt',321890);
INSERT INTO accounts VALUES (2741,'Freeport-McMoRan','www.fcx.com',33.67837612,-84.28004584,'Neomi Nishida',321800);
INSERT INTO accounts VALUES (2751,'ConAgra Foods','www.conagrafoods.com',33.82401567,-84.47180901,'Mireille Worthley',321810);
INSERT INTO accounts VALUES (2761,'Gap','www.gapinc.com',33.79895957,-84.32104203,'Caprice Hohler',321820);
INSERT INTO accounts VALUES (2771,'Baker Hughes','www.bakerhughes.com',33.65513972,-84.38382661,'Richelle Borger',321830);
INSERT INTO accounts VALUES (2781,'Bank of New York Mellon Corp.','www.bnymellon.com',33.78584433,-84.31104078,'Harrison Foss',321840);
INSERT INTO accounts VALUES (2791,'Dollar Tree','www.dollartree.com',33.79629659,-84.44636407,'Georgiana Coniglio',321850);
INSERT INTO accounts VALUES (2801,'Whole Foods Market','www.wholefoodsmarket.com',33.66213262,-84.32016577,'Chauncey Koss',321860);
INSERT INTO accounts VALUES (2811,'PPG Industries','www.ppg.com',33.67189819,-84.43783208,'Domonique Harvell',321870);
INSERT INTO accounts VALUES (2821,'Genuine Parts','www.genpt.com',33.70377371,-84.49029989,'Vanetta Castleman',321880);
INSERT INTO accounts VALUES (2831,'Icahn Enterprises','www.ielp.com',33.69649327,-84.30293953,'Lindsay Malbon',321890);
INSERT INTO accounts VALUES (2841,'Performance Food Group','www.pfgc.com',33.66346897,-84.30443327,'Natividad Pauli',321800);
INSERT INTO accounts VALUES (2851,'Omnicom Group','www.omnicomgroup.com',33.68262805,-84.37374133,'Yasuko Heffernan',321810);
INSERT INTO accounts VALUES (2861,'DISH Network','www.dish.com',33.7112727,-84.26437987,'Leana Hawker',321820);
INSERT INTO accounts VALUES (2871,'FirstEnergy','www.firstenergycorp.com',33.73906625,-84.38069919,'Catherine Bermejo',321830);
INSERT INTO accounts VALUES (2881,'Monsanto','www.monsanto.com',33.6865548,-84.33725705,'Loren Schlanger',321840);
INSERT INTO accounts VALUES (2891,'AES','www.aes.com',33.71783987,-84.37779627,'Maybell Bascombe',321850);
INSERT INTO accounts VALUES (2901,'CarMax','www.carmax.com',33.78790683,-84.3552477,'Bobbi Rackers',321860);
INSERT INTO accounts VALUES (2911,'National Oilwell Varco','www.nov.com',33.74439751,-84.31087268,'Brianne Hunger',321870);
INSERT INTO accounts VALUES (2921,'NRG Energy','www.nrgenergy.com',33.64537706,-84.3714378,'Stephanie Balfour',321880);
INSERT INTO accounts VALUES (2931,'Western Digital','www.westerndigital.com',33.7716156,-84.29436015,'Racquel Andrus',321890);
INSERT INTO accounts VALUES (2941,'Marriott International','www.marriott.com',33.71504962,-84.43394957,'Chassidy Backhaus',321800);
INSERT INTO accounts VALUES (2951,'Office Depot','www.officedepot.com',33.6792702,-84.46795114,'Daisey Wyss',321810);
INSERT INTO accounts VALUES (2961,'Nordstrom','www.nordstrom.com',33.77784027,-84.40532369,'Yan Crater',321820);
INSERT INTO accounts VALUES (2971,'Kinder Morgan','www.kindermorgan.com',33.83245195,-84.4259156,'Chantal Laureano',321830);
INSERT INTO accounts VALUES (2981,'Aramark','www.aramark.com',33.76220042,-84.26981923,'Chelsey Marasco',321840);
INSERT INTO accounts VALUES (2991,'DaVita HealthCare Partners','www.davita.com',33.7448623,-84.39693032,'Ursula Sarinana',321850);
INSERT INTO accounts VALUES (3001,'Molina Healthcare','www.molinahealthcare.com',33.70709041,-84.37659824,'Hilde Klopfer',321860);
INSERT INTO accounts VALUES (3011,'WellCare Health Plans','www.wellcare.com',33.77458136,-84.367811,'Tobi Whiteaker',321870);
INSERT INTO accounts VALUES (3021,'CBS','www.cbscorporation.com',33.74979835,-84.3674757,'Huong Fortino',321880);
INSERT INTO accounts VALUES (3031,'Visa','www.visa.com',33.85450864,-84.38714575,'Madlyn Brothers',321890);
INSERT INTO accounts VALUES (3041,'Lincoln National','www.lfg.com',30.4468231,-84.27550291,'Stewart Mcnitt',321800);
INSERT INTO accounts VALUES (3051,'Ecolab','www.ecolab.com',30.43905541,-84.26683451,'Donnie Ehrhardt',321810);
INSERT INTO accounts VALUES (3061,'Kellogg','www.kelloggcompany.com',30.44121265,-84.28739112,'Domonique Cave',321820);
INSERT INTO accounts VALUES (3071,'C.H. Robinson Worldwide','www.chrobinson.com',30.43150596,-84.27163286,'Crissy Cottle',321830);
INSERT INTO accounts VALUES (3081,'Textron','www.textron.com',30.44989007,-84.26553199,'Myrtice Maxon',321840);
INSERT INTO accounts VALUES (3091,'Loews','www.loews.com',30.42191113,-84.27288598,'Melda Ensey',321850);
INSERT INTO accounts VALUES (3101,'Illinois Tool Works','www.itw.com',30.42626607,-84.28540192,'Rosena Jessop',321860);
INSERT INTO accounts VALUES (4411,'O''Reilly Automotive','www.oreillyauto.com',45.53170724,-122.64535975,'Chantell Drescher',321970);
INSERT INTO accounts VALUES (4421,'Eversource Energy','www.eversource.com',45.50830191,-122.66577523,'Paige Bartos',321980);
INSERT INTO accounts VALUES (4431,'Franklin Resources','www.franklinresources.com',45.53389437,-122.68221497,'Dominique Favela',321970);
INSERT INTO accounts VALUES (4441,'Masco','www.masco.com',45.54969277,-122.64617499,'Terrilyn Kesler',321980);
INSERT INTO accounts VALUES (4451,'Lithia Motors','www.lithia.com',45.50439475,-122.64053469,'Nannie Brinkman',321960);
INSERT INTO accounts VALUES (4461,'KKR','www.kkr.com',45.54535285,-122.65524711,'Buffy Azure',321970);
INSERT INTO accounts VALUES (4471,'Oneok','www.oneok.com',45.51351286,-122.68150011,'Esta Engelhardt',321960);
INSERT INTO accounts VALUES (4481,'Newmont Mining','www.newmont.com',45.49411669,-122.66946042,'Khadijah Riemann',321970);
INSERT INTO accounts VALUES (4491,'PPL','www.pplweb.com',45.49172048,-122.67187978,'Deanne Hertlein',321960);
INSERT INTO accounts VALUES (4501,'SpartanNash','www.spartannash.com',45.55565141,-122.65714478,'Jewell Likes',321970);
